"Branch","Store Code","Model Name","Model (SKU)","Sale","Return","Stock"
"AKLUJ","2221556","APPLE iPhone 11 - 128GB Black","MHDH3HN/A","0","0","1"
"AKLUJ","2221556","APPLE iPhone 11 - 128GB White","MHDJ3HN/A","1","0","3"
"AKLUJ","2221556","APPLE iPhone 11 - 64GB White","MHDC3HN/A","0","0","1"
"AKLUJ","2221556","APPLE iPhone XR - 128GB Black","MH7L3HN/A","0","0","1"
"AKLUJ","2221556","APPLE iPhone 11 - 64GB Black","MHDA3HN/A","0","0","1"
"AKLUJ","2221556","APPLE iPhone 11 - 128GB Green","MHDN3HN/A","1","0","1"
"AKLUJ","2221556","APPLE iPhone 12 - 128GB White","MGJC3HN/A","1","0","0"
"AKLUJ","2221556","APPLE AirPods with Charging Case (MV7N2HN/A) White ","MV7N2HN/A","0","0","1"
"AKLUJ","2221556","APPLE AirPods pro with Wireless Charging Case (MWP22HN/A) White","MWP22HN/A","0","0","1"
"GANDHINAGAR Warehouse","9","APPLE iPhone 11 - 128GB Black","MHDH3HN/A","0","0","3"
"GANDHINAGAR Warehouse","9","APPLE iPhone 11 - 128GB White","MHDJ3HN/A","0","0","5"
"GANDHINAGAR Warehouse","9","APPLE iPhone 11 - 128GB Purple","MHDM3HN/A","0","0","4"
"GANDHINAGAR Warehouse","9","APPLE iPhone 11 - 64GB White","MHDC3HN/A","0","0","2"
"GANDHINAGAR Warehouse","9","APPLE iPhone 11 Pro - 64GB Gold","MWC52HN/A","0","0","1"
"GANDHINAGAR Warehouse","9","APPLE iPhone XR - 64GB White","MH6N3HN/A","0","0","1"
"GANDHINAGAR Warehouse","9","APPLE iPhone XR - 128GB White","MH7M3HN/A","0","0","1"
"GANDHINAGAR Warehouse","9","APPLE iPhone 11 - 64GB Black","MHDA3HN/A","0","0","5"
"GANDHINAGAR Warehouse","9","APPLE iPhone 11 - 128GB Green","MHDN3HN/A","0","0","3"
"GANDHINAGAR Warehouse","9","APPLE iPhone 11 - 64GB Green","MHDG3HN/A","0","0","1"
"GANDHINAGAR Warehouse","9","APPLE iPhone 12 - 128GB Black","MGJA3HN/A","0","0","1"
"GANDHINAGAR Warehouse","9","APPLE iPhone 12 - 128GB Blue","MGJE3HN/A","0","0","1"
"GANDHINAGAR Warehouse","9","APPLE iPhone 12 Pro - 128GB Gold","MGMM3HN/A","0","0","1"
"GANDHINAGAR Warehouse","9","APPLE iPhone 12 - 128GB White","MGJC3HN/A","0","0","2"
"GANDHINAGAR Warehouse","9","APPLE AirPods with Charging Case (MV7N2HN/A) White ","MV7N2HN/A","1","0","52"
"GANDHINAGAR Warehouse","9","APPLE AirPods pro with Wireless Charging Case (MWP22HN/A) White","MWP22HN/A","0","0","20"
"GANDHINAGAR Warehouse","9","APPLE Watch Series 6 44mm Blue Aluminum GPS - 3H263HN/A","3H263HN/A","0","0","1"
"GANDHINAGAR Warehouse","9","APPLE Watch 44mm Band Deep Navy Sport Band - 3H110ZM/A","3H110ZM/A","0","0","3"
"BALAJI NAGAR","2221568","APPLE iPhone 11 - 128GB Black","MHDH3HN/A","0","0","1"
"BALAJI NAGAR","2221568","APPLE iPhone 11 - 128GB White","MHDJ3HN/A","1","0","4"
"BALAJI NAGAR","2221568","APPLE iPhone 11 - 128GB Purple","MHDM3HN/A","0","0","1"
"BALAJI NAGAR","2221568","APPLE iPhone 11 - 64GB Black","MHDA3HN/A","0","0","1"
"BALAJI NAGAR","2221568","APPLE iPhone 11 - 128GB Green","MHDN3HN/A","0","0","2"
"BALAJI NAGAR","2221568","APPLE iPhone 12 - 128GB White","MGJC3HN/A","0","0","1"
"BALAJI NAGAR","2221568","APPLE AirPods with Charging Case (MV7N2HN/A) White ","MV7N2HN/A","0","0","2"
"BALAJI NAGAR","2221568","APPLE iPhone 12 -  128GB  Purple","MJNP3HN/A","1","0","0"
"BARSHI","2472710","APPLE iPhone 11 - 128GB Black","MHDH3HN/A","0","0","1"
"BARSHI","2472710","APPLE iPhone 11 - 128GB White","MHDJ3HN/A","0","0","1"
"BARSHI","2472710","APPLE iPhone 11 - 64GB White","MHDC3HN/A","0","0","1"
"BINDU CHOWK","2221551","APPLE iPhone 11 - 128GB Black","MHDH3HN/A","0","0","1"
"BINDU CHOWK","2221551","APPLE iPhone 11 - 128GB White","MHDJ3HN/A","0","0","4"
"BINDU CHOWK","2221551","APPLE iPhone 11 - 128GB Purple","MHDM3HN/A","0","0","1"
"BINDU CHOWK","2221551","APPLE iPhone 11 - 128GB Green","MHDN3HN/A","2","0","0"
"CHIPLUN 1","2221552","APPLE iPhone 11 - 128GB White","MHDJ3HN/A","0","0","2"
"CHIPLUN 1","2221552","APPLE iPhone 11 - 64GB White","MHDC3HN/A","1","0","1"
"CHIPLUN 1","2221552","APPLE iPhone 11 - 64GB Black","MHDA3HN/A","2","0","1"
"CHIPLUN 1","2221552","APPLE iPhone 12 - 128GB White","MGJC3HN/A","0","0","2"
"CHIPLUN 2","2399356","APPLE iPhone 11 - 128GB Black","MHDH3HN/A","1","0","0"
"CHIPLUN 2","2399356","APPLE iPhone 11 - 128GB White","MHDJ3HN/A","0","0","2"
"CHIPLUN 2","2399356","APPLE iPhone 11 - 128GB Purple","MHDM3HN/A","0","0","1"
"CHIPLUN 2","2399356","APPLE iPhone 11 - 64GB White","MHDC3HN/A","0","0","2"
"CHIPLUN 2","2399356","APPLE iPhone 12 Mini - 128GB Black","MGE33HN/A","1","0","0"
"CHIPLUN 2","2399356","APPLE iPhone 12 Mini - 128GB White","MGE43HN/A","0","0","1"
"CHIPLUN 2","2399356","APPLE iPhone 11 - 64GB Black","MHDA3HN/A","0","0","1"
"CHIPLUN 2","2399356","APPLE iPhone 11 - 128GB Green","MHDN3HN/A","1","0","2"
"CHIPLUN 2","2399356","APPLE iPhone 12 - 128GB Black","MGJA3HN/A","0","0","1"
"CHIPLUN 2","2399356","APPLE iPhone 12 - 128GB Green","MGJF3HN/A","0","0","1"
"CHIPLUN 2","2399356","APPLE iPhone 12 - 128GB White","MGJC3HN/A","0","0","2"
"CHIPLUN 2","2399356","APPLE iPhone 12 Pro - 128GB Graphite","MGMK3HN/A","0","0","1"
"CHIPLUN 2","2399356","APPLE AirPods with Charging Case (MV7N2HN/A) White ","MV7N2HN/A","0","0","1"
"CHIPLUN 2","2399356","APPLE AirPods pro with Wireless Charging Case (MWP22HN/A) White","MWP22HN/A","0","0","1"
"CHIPLUN 3","2685025","APPLE iPhone 11 - 128GB White","MHDJ3HN/A","0","0","2"
"CHIPLUN 3","2685025","APPLE iPhone 11 - 64GB White","MHDC3HN/A","0","0","1"
"CHIPLUN 3","2685025","APPLE iPhone 12 - 128GB Black","MGJA3HN/A","0","0","1"
"CHIPLUN 3","2685025","APPLE iPhone 12 - 128GB White","MGJC3HN/A","0","0","1"
"GADHINGLAJ","2221558","APPLE iPhone 11 - 128GB Black","MHDH3HN/A","2","0","0"
"GADHINGLAJ","2221558","APPLE iPhone 11 - 128GB White","MHDJ3HN/A","0","0","2"
"GADHINGLAJ","2221558","APPLE iPhone 12 Mini - 128GB Blue","MGE63HN/A","1","0","0"
"GADHINGLAJ","2221558","APPLE iPhone 12 - 128GB White","MGJC3HN/A","0","0","1"
"GANDHINAGAR","2239262","APPLE iPhone 11 - 128GB Black","MHDH3HN/A","0","0","1"
"GANDHINAGAR","2239262","APPLE iPhone 11 - 128GB White","MHDJ3HN/A","0","0","2"
"GANDHINAGAR","2239262","APPLE iPhone 11 - 128GB Purple","MHDM3HN/A","0","0","2"
"GANDHINAGAR","2239262","APPLE iPhone 11 - 64GB White","MHDC3HN/A","0","0","1"
"GANDHINAGAR","2239262","APPLE iPhone 12 Mini - 64GB Black","MGDX3HN/A","0","0","1"
"GANDHINAGAR","2239262","APPLE iPhone 12 Mini - 128GB White","MGE43HN/A","0","0","1"
"GANDHINAGAR","2239262","APPLE iPhone XR - 128GB Black","MH7L3HN/A","0","0","1"
"GANDHINAGAR","2239262","APPLE iPhone 11 - 64GB Black","MHDA3HN/A","0","0","2"
"GANDHINAGAR","2239262","APPLE iPhone 11 - 128GB Green","MHDN3HN/A","0","0","2"
"GANDHINAGAR","2239262","APPLE iPhone 11 - 64GB Purple","MHDF3HN/A","0","0","1"
"GANDHINAGAR","2239262","APPLE iPhone 12 - 128GB Black","MGJA3HN/A","0","0","1"
"GANDHINAGAR","2239262","APPLE iPhone 12 - 64GB Blue","MGJ83HN/A","0","0","1"
"GANDHINAGAR","2239262","APPLE iPhone 12 - 128GB White","MGJC3HN/A","0","0","1"
"GANDHINAGAR","2239262","APPLE Watch SE GPS 44mm Space Gray Aluminium Case with Black Sport Band - MYDT2HN/A","MYDT2HN/A","0","0","1"
"GANDHINAGAR","2239262","APPLE AirPods with Charging Case (MV7N2HN/A) White ","MV7N2HN/A","0","0","3"
"GANDHINAGAR","2239262","APPLE AirPods pro with Wireless Charging Case (MWP22HN/A) White","MWP22HN/A","0","0","2"
"GANDHINAGAR","2239262","APPLE iPad Wi-Fi (3YLC2HN/A) 32GB Gold ","3YLC2HN/A","0","0","1"
"GANDHINAGAR","2239262","APPLE Watch Series 6 44mm Blue Aluminum GPS - 3H263HN/A","3H263HN/A","0","0","1"
"GANDHINAGAR","2239262","APPLE Watch 44mm Band Deep Navy Sport Band - 3H110ZM/A","3H110ZM/A","0","0","1"
"GANDHINAGAR","2239262","APPLE iPhone 12 -  128GB  Purple","MJNP3HN/A","0","0","1"
"HADAPSAR","2221541","APPLE iPhone 11 - 128GB White","MHDJ3HN/A","0","0","4"
"HADAPSAR","2221541","APPLE iPhone 11 - 64GB White","MHDC3HN/A","0","0","1"
"HADAPSAR","2221541","APPLE iPhone 11 - 128GB Green","MHDN3HN/A","1","0","1"
"HADAPSAR","2221541","APPLE iPhone 12 - 128GB Black","MGJA3HN/A","0","0","1"
"HADAPSAR","2221541","APPLE AirPods with Charging Case (MV7N2HN/A) White ","MV7N2HN/A","0","0","2"
"ICHALKARANJI 1","2221553","APPLE iPhone 11 - 128GB Black","MHDH3HN/A","0","0","1"
"ICHALKARANJI 1","2221553","APPLE iPhone 11 - 128GB White","MHDJ3HN/A","3","0","1"
"ICHALKARANJI 1","2221553","APPLE iPhone 11 - 128GB Purple","MHDM3HN/A","1","0","2"
"ICHALKARANJI 1","2221553","APPLE iPhone 11 - 64GB White","MHDC3HN/A","0","0","1"
"ICHALKARANJI 1","2221553","APPLE iPhone 12 Mini - 64GB Black","MGDX3HN/A","0","0","1"
"ICHALKARANJI 1","2221553","APPLE iPhone 12 Mini - 128GB White","MGE43HN/A","0","0","1"
"ICHALKARANJI 1","2221553","APPLE iPhone SE (2020) - 64GB Black","MHGP3HN/A","0","0","1"
"ICHALKARANJI 1","2221553","APPLE iPhone XR - 128GB Black","MH7L3HN/A","0","0","2"
"ICHALKARANJI 1","2221553","APPLE iPhone 12 - 64GB Black","MGJ53HN/A","0","0","1"
"ICHALKARANJI 1","2221553","APPLE iPhone 11 - 64GB Black","MHDA3HN/A","0","0","1"
"ICHALKARANJI 1","2221553","APPLE iPhone 11 - 128GB Green","MHDN3HN/A","1","0","2"
"ICHALKARANJI 1","2221553","APPLE iPhone 11 - 64GB Purple","MHDF3HN/A","0","0","1"
"ICHALKARANJI 1","2221553","APPLE iPhone 12 - 128GB Black","MGJA3HN/A","0","0","1"
"ICHALKARANJI 1","2221553","APPLE iPhone 12 - 128GB White","MGJC3HN/A","0","0","2"
"ICHALKARANJI 1","2221553","APPLE iPhone 12 Pro - 128GB Graphite","MGMK3HN/A","0","0","1"
"ICHALKARANJI 1","2221553","APPLE iPhone 12 Pro - 256GB Graphite","MGMP3HN/A","0","0","1"
"ICHALKARANJI 1","2221553","APPLE iPhone 11 - 64GB (Product) Red","MHDD3HN/A","0","0","1"
"ICHALKARANJI 1","2221553","APPLE Watch Series 6 GPS + Cellular 44mm Graphite Stainless Steel Case with Black Sport Band - M09H3HN/A","M09H3HN/A","0","0","1"
"ICHALKARANJI 1","2221553","APPLE Watch Series 6 GPS + Cellular 44mm Space Grey Aluminium Case with Black Sport Band - MG2E3HN/A","MG2E3HN/A","0","0","1"
"ICHALKARANJI 1","2221553","APPLE Watch SE GPS 44mm Space Gray Aluminium Case with Black Sport Band - MYDT2HN/A","MYDT2HN/A","0","0","1"
"ICHALKARANJI 1","2221553","APPLE AirPods with Charging Case (MV7N2HN/A) White ","MV7N2HN/A","0","0","4"
"ICHALKARANJI 1","2221553","APPLE AirPods pro with Wireless Charging Case (MWP22HN/A) White","MWP22HN/A","0","0","2"
"ICHALKARANJI 1","2221553","APPLE iPhone 12 -  128GB  Purple","MJNP3HN/A","0","0","1"
"MUMBAI Warehouse","9","APPLE iPhone 11 - 128GB White","MHDJ3HN/A","0","0","13"
"MUMBAI Warehouse","9","APPLE iPhone 11 - 128GB Purple","MHDM3HN/A","0","0","1"
"MUMBAI Warehouse","9","APPLE iPhone 11 - 128GB Green","MHDN3HN/A","0","0","9"
"MUMBAI Warehouse","9","APPLE iPhone 12 Pro Max - 128GB Gold","MGD93HN/A","0","0","1"
"MUMBAI Warehouse","9","APPLE 10.2-inch iPad Wi-Fi - 128GB Space Grey - MYLD2HN/A","MYLD2HN/A","0","0","1"
"MUMBAI Warehouse","9","APPLE AirPods with Charging Case (MV7N2HN/A) White ","MV7N2HN/A","0","0","5"
"MUMBAI Warehouse","9","APPLE AirPods pro with Wireless Charging Case (MWP22HN/A) White","MWP22HN/A","0","0","4"
"ICHALKARANJI 3","2472711","APPLE iPhone 11 - 128GB Black","MHDH3HN/A","0","0","1"
"ICHALKARANJI 3","2472711","APPLE iPhone 11 - 128GB White","MHDJ3HN/A","1","0","4"
"ICHALKARANJI 3","2472711","APPLE iPhone 11 - 128GB Purple","MHDM3HN/A","0","0","1"
"ICHALKARANJI 3","2472711","APPLE iPhone 11 - 64GB White","MHDC3HN/A","0","0","1"
"ICHALKARANJI 3","2472711","APPLE iPhone 12 Mini - 128GB White","MGE43HN/A","0","0","1"
"ICHALKARANJI 3","2472711","APPLE iPhone 11 - 128GB Green","MHDN3HN/A","0","0","1"
"ICHALKARANJI 3","2472711","APPLE iPhone 12 - 128GB Black","MGJA3HN/A","0","0","1"
"ICHALKARANJI 3","2472711","APPLE iPhone 12 - 128GB Green","MGJF3HN/A","0","0","1"
"ICHALKARANJI 3","2472711","APPLE iPhone 12 - 128GB White","MGJC3HN/A","0","0","1"
"ICHALKARANJI 3","2472711","APPLE Watch Series 6 GPS + Cellular 44mm Blue Aluminium Case with Deep Navy Sport Band - M09A3HN/A","M09A3HN/A","0","0","1"
"ICHALKARANJI 3","2472711","APPLE AirPods with Charging Case (MV7N2HN/A) White ","MV7N2HN/A","0","0","1"
"ICHALKARANJI 3","2472711","APPLE AirPods pro with Wireless Charging Case (MWP22HN/A) White","MWP22HN/A","0","0","1"
"ISLAMPUR 2","2685022","APPLE iPhone 11 - 128GB Black","MHDH3HN/A","0","0","1"
"ISLAMPUR 2","2685022","APPLE iPhone 11 - 128GB White","MHDJ3HN/A","0","0","2"
"ISLAMPUR 2","2685022","APPLE iPhone 11 - 64GB White","MHDC3HN/A","0","0","1"
"ISLAMPUR 2","2685022","APPLE iPhone 12 Pro Max - 128GB Pacific Blue","MGDA3HN/A","1","0","0"
"ISLAMPUR 2","2685022","APPLE iPad Pro (3rd Generation) 11 inch Wi-Fi + Cellular -  256GB  Space grey  MHW73HN/A","MHW73HN/A","1","0","0"
"JAYSINGPUR","2221559","APPLE iPhone 11 - 128GB White","MHDJ3HN/A","1","0","1"
"JAYSINGPUR","2221559","APPLE iPhone 11 - 128GB Purple","MHDM3HN/A","0","0","1"
"JAYSINGPUR","2221559","APPLE iPhone 11 - 64GB Black","MHDA3HN/A","0","0","1"
"JAYSINGPUR","2221559","APPLE iPhone 11 - 128GB Green","MHDN3HN/A","0","0","2"
"JAYSINGPUR","2221559","APPLE iPhone 12 - 128GB Blue","MGJE3HN/A","0","0","1"
"JAYSINGPUR","2221559","APPLE iPhone 12 - 128GB White","MGJC3HN/A","0","0","1"
"JAYSINGPUR","2221559","APPLE AirPods with Charging Case (MV7N2HN/A) White ","MV7N2HN/A","0","0","1"
"J M ROAD","2472706","APPLE iPhone 11 - 128GB White","MHDJ3HN/A","5","0","9"
"J M ROAD","2472706","APPLE iPhone 11 - 128GB Purple","MHDM3HN/A","1","0","4"
"J M ROAD","2472706","APPLE iPhone 11 - 64GB White","MHDC3HN/A","0","0","1"
"J M ROAD","2472706","APPLE iPhone 12 Mini - 64GB Black","MGDX3HN/A","0","0","1"
"J M ROAD","2472706","APPLE iPhone 12 Mini - 128GB White","MGE43HN/A","0","0","1"
"J M ROAD","2472706","APPLE iPhone SE (2020) - 64GB Black","MHGP3HN/A","0","0","1"
"J M ROAD","2472706","APPLE iPhone XR - 128GB Black","MH7L3HN/A","0","0","1"
"J M ROAD","2472706","APPLE iPhone 11 - 64GB Black","MHDA3HN/A","1","0","3"
"J M ROAD","2472706","APPLE iPhone 12 Pro Max - 128GB Pacific Blue","MGDA3HN/A","0","0","1"
"J M ROAD","2472706","APPLE iPhone 11 - 128GB Green","MHDN3HN/A","5","0","6"
"J M ROAD","2472706","APPLE iPhone 12 - 128GB Black","MGJA3HN/A","1","0","1"
"J M ROAD","2472706","APPLE iPhone 12 - 128GB Blue","MGJE3HN/A","1","0","0"
"J M ROAD","2472706","APPLE iPhone 12 - 64GB Blue","MGJ83HN/A","0","0","1"
"J M ROAD","2472706","APPLE iPhone 12 - 128GB Green","MGJF3HN/A","0","0","1"
"J M ROAD","2472706","APPLE iPhone 12 - 128GB White","MGJC3HN/A","3","0","1"
"J M ROAD","2472706","APPLE iPhone 12 Pro - 256GB Graphite","MGMP3HN/A","1","0","0"
"J M ROAD","2472706","APPLE iPhone 12 Pro - 512GB Graphite","MGMU3HN/A","0","0","1"
"J M ROAD","2472706","APPLE Watch Series 6 GPS + Cellular 44mm Graphite Stainless Steel Case with Black Sport Band - M09H3HN/A","M09H3HN/A","0","0","1"
"J M ROAD","2472706","APPLE Watch Series 6 GPS + Cellular 44mm Space Grey Aluminium Case with Black Sport Band - MG2E3HN/A","MG2E3HN/A","1","0","0"
"J M ROAD","2472706","APPLE 10.5-inch iPad Air Wi-Fi - 64GB Sky Blue - 3H185HN/A","3H185HN/A","0","0","1"
"J M ROAD","2472706","APPLE 12.9-inch iPad?Pro Wi-Fi - 128GB Space Grey - MY2H2HN/A","MY2H2HN/A","0","0","1"
"J M ROAD","2472706","APPLE AirPods with Charging Case (MV7N2HN/A) White ","MV7N2HN/A","1","0","2"
"J M ROAD","2472706","APPLE AirPods pro with Wireless Charging Case (MWP22HN/A) White","MWP22HN/A","1","0","2"
"J M ROAD","2472706","APPLE Home Pod (MQHW2HN/A) Space grey","MQHW2HN/A","0","0","1"
"J M ROAD","2472706","APPLE iPad Wi-Fi (3YLC2HN/A) 32GB Gold ","3YLC2HN/A","0","0","1"
"J M ROAD","2472706","APPLE Watch Series 5 GPS + Cellular 44mm Space Black Stainless Steel Case Space Black Milanese Loop - MWWL2HN/A","MWWL2HN/A","0","0","1"
"J M ROAD","2472706","APPLE Watch 40mm Black Sport Band - 3D989ZM/A","3D989ZM/A","0","0","1"
"J M ROAD","2472706","APPLE Watch SE GPS 40mm Space Gray Aluminium - 3H135HN/A","3H135HN/A","0","0","1"
"J M ROAD","2472706","APPLE Watch Series 6 44mm Blue Aluminum GPS - 3H263HN/A","3H263HN/A","0","0","1"
"J M ROAD","2472706","APPLE iPhone 12 -  128GB  Purple","MJNP3HN/A","0","0","1"
"J M ROAD","2472706","APPLE iPad Pro (3rd Generation) 11 inch Wi-Fi + Cellular -  512GB  Space Gray - MHW93HN/A","MHW93HN/A","1","0","0"
"J M ROAD","2472706","APPLE iPhone 12 Mini -  64GB  Purple","MJNM3HN/A","0","0","1"
"J M ROAD","2472706","APPLE Watch 44mm  Band Deep Navy Sport Band - MYAX2ZM/A","MYAX2ZM/A","0","0","1"
"KAGAL","2221560","APPLE iPhone 11 - 128GB White","MHDJ3HN/A","2","0","2"
"KAGAL","2221560","APPLE iPhone XR - 128GB White","MH7M3HN/A","1","0","0"
"KAGAL","2221560","APPLE iPhone 11 - 128GB Green","MHDN3HN/A","0","0","1"
"KANKAVALI 1","2221561","APPLE iPhone 11 - 128GB Black","MHDH3HN/A","0","0","1"
"KANKAVALI 1","2221561","APPLE iPhone 11 - 128GB White","MHDJ3HN/A","0","0","1"
"KANKAVALI 1","2221561","APPLE iPhone 11 - 128GB Purple","MHDM3HN/A","0","0","1"
"KANKAVALI 1","2221561","APPLE iPhone 11 - 64GB White","MHDC3HN/A","0","0","1"
"KANKAVALI 1","2221561","APPLE iPhone 12 - 128GB Black","MGJA3HN/A","0","0","1"
"KANKAVALI 1","2221561","APPLE iPhone 12 - 128GB White","MGJC3HN/A","0","0","1"
"KANKAVALI 1","2221561","APPLE 10.9-inch iPad Air Wi-Fi - 64GB Sky Blue - MYFQ2HN/A","MYFQ2HN/A","0","0","1"
"KARAD 1","2221554","APPLE iPhone 11 - 128GB Black","MHDH3HN/A","0","0","1"
"KARAD 1","2221554","APPLE iPhone 11 - 128GB White","MHDJ3HN/A","1","0","2"
"KARAD 1","2221554","APPLE iPhone 11 - 128GB Purple","MHDM3HN/A","0","0","2"
"KARAD 1","2221554","APPLE iPhone 11 - 64GB White","MHDC3HN/A","0","0","1"
"KARAD 1","2221554","APPLE iPhone 12 Mini - 64GB Black","MGDX3HN/A","0","0","2"
"KARAD 1","2221554","APPLE iPhone 12 Mini - 128GB White","MGE43HN/A","0","0","1"
"KARAD 1","2221554","APPLE iPhone SE (2020) - 64GB Black","MHGP3HN/A","0","0","1"
"KARAD 1","2221554","APPLE iPhone XR - 128GB Black","MH7L3HN/A","0","0","1"
"KARAD 1","2221554","APPLE iPhone 12 - 64GB Black","MGJ53HN/A","0","0","1"
"KARAD 1","2221554","APPLE iPhone 11 - 64GB Black","MHDA3HN/A","0","0","1"
"KARAD 1","2221554","APPLE iPhone 11 - 128GB Green","MHDN3HN/A","0","0","1"
"KARAD 1","2221554","APPLE iPhone 11 - 64GB Green","MHDG3HN/A","0","0","1"
"KARAD 1","2221554","APPLE iPhone 11 - 64GB Purple","MHDF3HN/A","0","0","1"
"KARAD 1","2221554","APPLE iPhone 12 - 128GB Black","MGJA3HN/A","0","0","1"
"KARAD 1","2221554","APPLE iPhone 12 Pro - 256GB Pacific Blue","MGMT3HN/A","0","0","1"
"KARAD 1","2221554","APPLE iPhone 12 - 128GB Green","MGJF3HN/A","0","0","1"
"KARAD 1","2221554","APPLE iPhone 12 - 128GB White","MGJC3HN/A","0","0","1"
"KARAD 1","2221554","APPLE iPhone 12 - 128GB (Product) Red","MGJD3HN/A","0","0","1"
"KARAD 1","2221554","APPLE Watch SE GPS 44mm Space Gray Aluminium Case with Black Sport Band - MYDT2HN/A","MYDT2HN/A","0","0","1"
"KARAD 1","2221554","APPLE AirPods with Charging Case (MV7N2HN/A) White ","MV7N2HN/A","0","0","3"
"KARAD 1","2221554","APPLE AirPods pro with Wireless Charging Case (MWP22HN/A) White","MWP22HN/A","0","0","1"
"KARAD 1","2221554","APPLE iPhone 12 -  128GB  Purple","MJNP3HN/A","0","0","1"
"KARAD 1","2221554","APPLE iPad Pro (3rd Generation) 11 inch Wi-Fi -  128GB  Space Gray - MHQR3HN/A","MHQR3HN/A","0","0","1"
"KAWATHE MAHNKAL","2399371","APPLE iPhone 11 - 128GB White","MHDJ3HN/A","0","0","1"
"KOREGAON","3422693","APPLE iPhone 11 - 128GB White","MHDJ3HN/A","0","0","1"
"KOREGAON","3422693","APPLE iPhone 12 - 128GB Green","MGJF3HN/A","0","0","1"
"KOREGAON","3422693","APPLE iPhone 12 - 128GB White","MGJC3HN/A","0","0","1"
"KOREGAON","3422693","APPLE AirPods with Charging Case (MV7N2HN/A) White ","MV7N2HN/A","0","0","1"
"KUDAL","2399395","APPLE iPhone 11 - 128GB White","MHDJ3HN/A","1","0","1"
"KUDAL","2399395","APPLE iPhone 11 - 128GB Purple","MHDM3HN/A","1","0","1"
"KUDAL","2399395","APPLE iPhone 11 - 64GB White","MHDC3HN/A","0","0","1"
"KUDAL","2399395","APPLE iPhone XR - 128GB White","MH7M3HN/A","0","0","1"
"KUDAL","2399395","APPLE iPhone 11 - 64GB Black","MHDA3HN/A","0","0","1"
"KUDAL","2399395","APPLE iPhone 11 - 128GB Green","MHDN3HN/A","0","0","1"
"KUDAL","2399395","APPLE iPhone 12 - 128GB Black","MGJA3HN/A","1","0","0"
"KUDAL","2399395","APPLE iPhone 12 - 128GB White","MGJC3HN/A","0","0","1"
"KUDAL","2399395","APPLE AirPods with Charging Case (MV7N2HN/A) White ","MV7N2HN/A","0","0","1"
"LATUR 1","2385247","APPLE iPhone 11 - 128GB White","MHDJ3HN/A","0","0","2"
"LATUR 1","2385247","APPLE iPhone 11 - 128GB Purple","MHDM3HN/A","0","0","1"
"LATUR 1","2385247","APPLE iPhone 11 - 64GB White","MHDC3HN/A","0","0","1"
"LATUR 1","2385247","APPLE iPhone 12 Mini - 64GB Black","MGDX3HN/A","0","0","1"
"LATUR 1","2385247","APPLE iPhone XR - 128GB White","MH7M3HN/A","0","0","1"
"LATUR 1","2385247","APPLE iPhone XR - 128GB Black","MH7L3HN/A","1","0","0"
"LATUR 1","2385247","APPLE iPhone 11 - 64GB Black","MHDA3HN/A","1","0","1"
"LATUR 1","2385247","APPLE iPhone 12 Pro Max - 128GB Pacific Blue","MGDA3HN/A","0","0","1"
"LATUR 1","2385247","APPLE iPhone 11 - 128GB Green","MHDN3HN/A","0","0","1"
"LATUR 1","2385247","APPLE iPhone 12 - 128GB Black","MGJA3HN/A","0","0","1"
"LATUR 1","2385247","APPLE iPhone 12 - 64GB Blue","MGJ83HN/A","0","0","1"
"LATUR 1","2385247","APPLE iPhone 12 Pro Max - 128GB Graphite","MGD73HN/A","0","0","1"
"LATUR 1","2385247","APPLE iPhone 12 Pro - 256GB Pacific Blue","MGMT3HN/A","0","0","1"
"LATUR 1","2385247","APPLE iPhone 12 - 128GB White","MGJC3HN/A","0","0","1"
"LATUR 1","2385247","APPLE iPhone 12 Pro - 128GB Pacific Blue","MGMN3HN/A","0","0","1"
"LATUR 1","2385247","APPLE Watch SE GPS 44mm Space Gray Aluminium Case with Black Sport Band - MYDT2HN/A","MYDT2HN/A","0","0","1"
"LATUR 1","2385247","APPLE AirPods with Charging Case (MV7N2HN/A) White ","MV7N2HN/A","0","0","1"
"LATUR 1","2385247","APPLE AirPods pro with Wireless Charging Case (MWP22HN/A) White","MWP22HN/A","0","0","1"
"LATUR 1","2385247","APPLE iPhone 12 -  128GB  Purple","MJNP3HN/A","0","0","1"
"LATUR 2","2850212","APPLE iPhone 11 - 128GB White","MHDJ3HN/A","0","0","1"
"LATUR 2","2850212","APPLE iPhone 12 - 128GB Black","MGJA3HN/A","0","0","1"
"LATUR 2","2850212","APPLE iPhone 12 Pro Max - 256GB Gold","MGDE3HN/A","1","0","1"
"LATUR 2","2850212","APPLE iPhone 12 Pro Max - 256GB Pacific Blue ","MGDF3HN/A","0","0","1"
"LATUR 2","2850212","APPLE iPhone 12 - 64GB White","MGJ63HN/A","1","0","0"
"LATUR 2","2850212","APPLE iPhone 12 - 128GB White","MGJC3HN/A","0","0","1"
"MANCHAR","2850210","APPLE iPhone 11 - 128GB White","MHDJ3HN/A","1","0","0"
"MANCHAR","2850210","APPLE iPhone 12 - 128GB Black","MGJA3HN/A","0","0","1"
"MARGAO 1","3152245","APPLE iPhone 11 - 128GB White","MHDJ3HN/A","0","0","3"
"MARGAO 1","3152245","APPLE iPhone 11 - 128GB Purple","MHDM3HN/A","0","0","3"
"MARGAO 1","3152245","APPLE iPhone 11 - 64GB White","MHDC3HN/A","0","0","2"
"MARGAO 1","3152245","APPLE iPhone 12 Mini - 64GB Black","MGDX3HN/A","0","0","1"
"MARGAO 1","3152245","APPLE iPhone SE (2020) - 64GB Black","MHGP3HN/A","0","0","1"
"MARGAO 1","3152245","APPLE iPhone 11 - 64GB Black","MHDA3HN/A","0","0","1"
"MARGAO 1","3152245","APPLE iPhone 11 - 128GB Green","MHDN3HN/A","0","0","4"
"MARGAO 1","3152245","APPLE iPhone 11 - 64GB Purple","MHDF3HN/A","0","0","1"
"MARGAO 1","3152245","APPLE iPhone 12 Pro Max - 256GB Gold","MGDE3HN/A","0","0","1"
"MARGAO 1","3152245","APPLE iPhone 12 Pro Max - 128GB Graphite","MGD73HN/A","0","0","1"
"MARGAO 1","3152245","APPLE iPhone 12 - 128GB White","MGJC3HN/A","1","0","0"
"MARGAO 1","3152245","APPLE iPhone 12 Pro - 256GB Gold","MGMR3HN/A","0","0","1"
"MARGAO 1","3152245","APPLE iPhone 11 - 64GB (Product) Red","MHDD3HN/A","0","0","1"
"MARGAO 1","3152245","APPLE Watch SE GPS 44mm Space Gray Aluminium Case with Black Sport Band - MYDT2HN/A","MYDT2HN/A","0","0","1"
"MARGAO 1","3152245","APPLE AirPods with Charging Case (MV7N2HN/A) White ","MV7N2HN/A","0","0","3"
"MARGAO 1","3152245","APPLE AirPods pro with Wireless Charging Case (MWP22HN/A) White","MWP22HN/A","0","0","1"
"MARGAO 1","3152245","APPLE Home Pod (MQHW2HN/A) Space grey","MQHW2HN/A","0","0","1"
"MARGAO 1","3152245","APPLE iPhone 12 -  128GB  Purple","MJNP3HN/A","0","0","1"
"MIRAJ 1","2221562","APPLE iPhone 11 - 128GB White","MHDJ3HN/A","0","0","2"
"MIRAJ 1","2221562","APPLE iPhone 11 - 64GB White","MHDC3HN/A","1","0","1"
"MIRAJ 1","2221562","APPLE iPhone 12 - 128GB White","MGJC3HN/A","0","0","1"
"MIRAJ 2","2472705","APPLE iPhone 11 - 128GB Black","MHDH3HN/A","0","0","1"
"MIRAJ 2","2472705","APPLE iPhone 11 - 128GB White","MHDJ3HN/A","0","0","2"
"MIRAJ 2","2472705","APPLE iPhone 12 Mini - 128GB White","MGE43HN/A","0","0","1"
"MIRAJ 2","2472705","APPLE iPhone 12 Pro Max - 256GB Pacific Blue ","MGDF3HN/A","1","0","0"
"MIRAJ 2","2472705","APPLE iPhone 12 - 128GB White","MGJC3HN/A","0","0","1"
"MIRAJKAR TIKATI","2221563","APPLE iPhone 11 - 128GB Black","MHDH3HN/A","1","0","0"
"MIRAJKAR TIKATI","2221563","APPLE iPhone 11 - 128GB White","MHDJ3HN/A","2","0","4"
"MIRAJKAR TIKATI","2221563","APPLE iPhone 11 - 128GB Purple","MHDM3HN/A","0","0","2"
"MIRAJKAR TIKATI","2221563","APPLE iPhone 11 - 64GB White","MHDC3HN/A","0","0","2"
"MIRAJKAR TIKATI","2221563","APPLE iPhone 12 Mini - 128GB White","MGE43HN/A","0","0","1"
"MIRAJKAR TIKATI","2221563","APPLE iPhone 11 - 64GB Black","MHDA3HN/A","0","0","1"
"MIRAJKAR TIKATI","2221563","APPLE iPhone 11 - 128GB Green","MHDN3HN/A","0","0","3"
"MIRAJKAR TIKATI","2221563","APPLE iPhone 11 - 64GB Purple","MHDF3HN/A","0","0","1"
"MIRAJKAR TIKATI","2221563","APPLE iPhone 12 - 128GB Black","MGJA3HN/A","0","0","1"
"MIRAJKAR TIKATI","2221563","APPLE iPhone 12 - 128GB White","MGJC3HN/A","1","0","0"
"MIRAJKAR TIKATI","2221563","APPLE iPhone 12 Pro - 128GB Graphite","MGMK3HN/A","0","0","1"
"MIRAJKAR TIKATI","2221563","APPLE AirPods with Charging Case (MV7N2HN/A) White ","MV7N2HN/A","0","0","2"
"MIRAJKAR TIKATI","2221563","APPLE AirPods pro with Wireless Charging Case (MWP22HN/A) White","MWP22HN/A","0","0","1"
"MIRAJKAR TIKATI","2221563","APPLE iPhone 12 -  128GB  Purple","MJNP3HN/A","0","0","1"
"MIRAJKAR TIKATI","2221563","APPLE iPad Pro (3rd Generation) 11 inch Wi-Fi + Cellular -  256GB  Space grey  MHW73HN/A","MHW73HN/A","1","0","0"
"MUDHAL TITTA","2399374","APPLE iPhone 11 - 128GB Black","MHDH3HN/A","0","0","1"
"MUDHAL TITTA","2399374","APPLE iPhone 11 - 128GB White","MHDJ3HN/A","1","0","1"
"NAGAR 1","2221547","APPLE iPhone 11 - 128GB White","MHDJ3HN/A","0","0","1"
"NAGAR 1","2221547","APPLE iPhone 11 - 128GB Purple","MHDM3HN/A","0","0","1"
"NAGAR 1","2221547","APPLE iPhone 12 - 128GB Black","MGJA3HN/A","0","0","1"
"NAGAR 1","2221547","APPLE iPhone 12 -  128GB  Purple","MJNP3HN/A","0","0","1"
"NAGAR 2","2399340","APPLE iPhone 11 - 128GB Black","MHDH3HN/A","0","0","1"
"NAGAR 2","2399340","APPLE iPhone 12 - 128GB Blue","MGJE3HN/A","0","0","1"
"NAGAR 3","2399341","APPLE iPhone 11 - 128GB White","MHDJ3HN/A","1","0","1"
"NAGAR 3","2399341","APPLE iPhone 11 - 128GB Purple","MHDM3HN/A","0","0","1"
"NAGAR 3","2399341","APPLE iPhone 12 Mini - 128GB White","MGE43HN/A","0","0","1"
"NAGAR 3","2399341","APPLE iPhone 11 - 64GB Black","MHDA3HN/A","0","0","2"
"NAGAR 3","2399341","APPLE iPhone 12 Pro Max - 128GB Pacific Blue","MGDA3HN/A","0","0","1"
"NAGAR 3","2399341","APPLE iPhone 11 - 128GB Green","MHDN3HN/A","1","0","0"
"NAGAR 3","2399341","APPLE iPhone 12 Mini - 128GB Blue","MGE63HN/A","0","0","1"
"NAGAR 3","2399341","APPLE iPhone 12 - 128GB Green","MGJF3HN/A","0","0","1"
"NAGAR 3","2399341","APPLE iPhone 12 - 128GB White","MGJC3HN/A","1","0","0"
"NAGAR 3","2399341","APPLE iPhone 12 Pro - 256GB Gold","MGMR3HN/A","0","0","1"
"NAGAR 3","2399341","APPLE iPhone 12 Pro - 128GB Pacific Blue","MGMN3HN/A","0","0","1"
"NAGAR 3","2399341","APPLE Watch Series 6 GPS + Cellular 44mm Space Grey Aluminium Case with Black Sport Band - MG2E3HN/A","MG2E3HN/A","1","0","0"
"NAGAR 3","2399341","APPLE AirPods with Charging Case (MV7N2HN/A) White ","MV7N2HN/A","0","0","3"
"NAGAR 3","2399341","APPLE AirPods pro with Wireless Charging Case (MWP22HN/A) White","MWP22HN/A","1","0","1"
"NAGAR 3","2399341","APPLE iPad Wi-Fi (3YLC2HN/A) 32GB Gold ","3YLC2HN/A","0","0","1"
"NAGAR 3","2399341","APPLE Watch Series 6 44mm Blue Aluminum GPS - 3H263HN/A","3H263HN/A","0","0","1"
"NAGAR 3","2399341","APPLE iPad Pro (3rd Generation) 11 inch Wi-Fi -  128GB  Space Gray - MHQR3HN/A","MHQR3HN/A","0","0","1"
"PANDHARPUR","2221565","APPLE iPhone 11 - 128GB Black","MHDH3HN/A","0","0","1"
"PANDHARPUR","2221565","APPLE iPhone 11 - 128GB White","MHDJ3HN/A","0","0","4"
"PANDHARPUR","2221565","APPLE iPhone 11 - 128GB Purple","MHDM3HN/A","0","0","1"
"PANDHARPUR","2221565","APPLE iPhone 11 - 64GB White","MHDC3HN/A","0","0","1"
"PANDHARPUR","2221565","APPLE iPhone 11 - 64GB Black","MHDA3HN/A","0","0","1"
"PANDHARPUR","2221565","APPLE iPhone 11 - 128GB Green","MHDN3HN/A","1","0","1"
"PANDHARPUR","2221565","APPLE iPhone 12 - 128GB White","MGJC3HN/A","1","0","0"
"PANDHARPUR","2221565","APPLE iPhone 12 Pro - 256GB Graphite","MGMP3HN/A","0","0","1"
"PANDHARPUR","2221565","APPLE iPhone 12 -  128GB  Purple","MJNP3HN/A","1","0","0"
"PETH VADGAON","2221566","APPLE iPhone 11 - 128GB White","MHDJ3HN/A","1","0","2"
"PETH VADGAON","2221566","APPLE iPhone 11 - 128GB Purple","MHDM3HN/A","0","0","1"
"PETH VADGAON","2221566","APPLE iPhone 11 - 64GB White","MHDC3HN/A","1","0","1"
"PETH VADGAON","2221566","APPLE iPhone 11 - 128GB Green","MHDN3HN/A","1","0","1"
"PETH VADGAON","2221566","APPLE iPhone 12 Pro Max - 256GB Gold","MGDE3HN/A","0","0","1"
"PETH VADGAON","2221566","APPLE iPhone 12 - 64GB White","MGJ63HN/A","1","0","0"
"PHALTAN 1","2685024","APPLE iPhone 11 - 128GB Black","MHDH3HN/A","0","0","1"
"PHALTAN 1","2685024","APPLE iPhone 11 - 128GB White","MHDJ3HN/A","0","0","3"
"PHALTAN 1","2685024","APPLE iPhone 11 - 128GB Purple","MHDM3HN/A","0","0","1"
"PHALTAN 1","2685024","APPLE iPhone 11 - 64GB White","MHDC3HN/A","1","0","0"
"PHALTAN 1","2685024","APPLE iPhone 11 - 64GB Black","MHDA3HN/A","0","0","1"
"PHALTAN 1","2685024","APPLE iPhone 11 - 128GB Green","MHDN3HN/A","0","0","1"
"PHALTAN 1","2685024","APPLE iPhone 12 - 128GB Black","MGJA3HN/A","0","0","1"
"PHALTAN 1","2685024","APPLE iPhone 12 Pro - 256GB Pacific Blue","MGMT3HN/A","0","0","1"
"PHALTAN 1","2685024","APPLE iPhone 12 - 128GB White","MGJC3HN/A","0","0","1"
"PIMPRI","2239261","APPLE iPhone 11 - 128GB Black","MHDH3HN/A","1","0","1"
"PIMPRI","2239261","APPLE iPhone 11 - 128GB White","MHDJ3HN/A","2","0","4"
"PIMPRI","2239261","APPLE iPhone 11 - 128GB Purple","MHDM3HN/A","1","0","2"
"PIMPRI","2239261","APPLE iPhone 11 - 64GB White","MHDC3HN/A","0","0","2"
"PIMPRI","2239261","APPLE iPhone 12 Mini - 128GB White","MGE43HN/A","0","0","1"
"PIMPRI","2239261","APPLE iPhone SE (2020) - 64GB Black","MHGP3HN/A","0","0","1"
"PIMPRI","2239261","APPLE iPhone 11 - 64GB Black","MHDA3HN/A","0","0","3"
"PIMPRI","2239261","APPLE iPhone 12 Pro Max - 128GB Pacific Blue","MGDA3HN/A","0","0","1"
"PIMPRI","2239261","APPLE iPhone 11 - 128GB Green","MHDN3HN/A","1","0","2"
"PIMPRI","2239261","APPLE iPhone 12 - 128GB White","MGJC3HN/A","1","0","0"
"PIMPRI","2239261","APPLE iPhone 12 Pro Max - 128GB Gold","MGD93HN/A","1","0","0"
"PIMPRI","2239261","APPLE iPhone 12 Pro - 256GB Gold","MGMR3HN/A","0","0","1"
"PIMPRI","2239261","APPLE Watch Series 6 GPS 44mm (PRODUCT)RED Aluminium Case with (PRODUCT)RED Sport Band - M00M3HN/A","M00M3HN/A","0","0","1"
"PIMPRI","2239261","APPLE Watch Series 6 GPS + Cellular 44mm Gold Aluminium Case with Pink Sand Sport Band - MG2D3HN/A","MG2D3HN/A","0","0","1"
"PIMPRI","2239261","APPLE Watch Series 6 GPS + Cellular 44mm Space Grey Aluminium Case with Black Sport Band - MG2E3HN/A","MG2E3HN/A","0","0","1"
"PIMPRI","2239261","APPLE 10.2-inch iPad Wi-Fi + Cellular - 32GB Space Grey - MYMH2HN/A","MYMH2HN/A","0","0","1"
"PIMPRI","2239261","APPLE 12.9-inch iPad?Pro Wi-Fi - 128GB Space Grey - MY2H2HN/A","MY2H2HN/A","0","0","1"
"PIMPRI","2239261","APPLE AirPods with Charging Case (MV7N2HN/A) White ","MV7N2HN/A","2","0","2"
"PIMPRI","2239261","APPLE AirPods pro with Wireless Charging Case (MWP22HN/A) White","MWP22HN/A","0","0","3"
"PIMPRI","2239261","APPLE iPhone 12 -  128GB  Purple","MJNP3HN/A","0","0","1"
"PIMPRI","2239261","APPLE iPad Pro (3rd Generation) 11 inch Wi-Fi + Cellular -  128GB  Space Gray - MHW53HN/A","MHW53HN/A","0","0","1"
"RAJARAMPURI 1","3087919","APPLE iPhone 11 - 128GB Black","MHDH3HN/A","0","0","1"
"RAJARAMPURI 1","3087919","APPLE iPhone 11 - 128GB White","MHDJ3HN/A","0","0","1"
"RAJARAMPURI 1","3087919","APPLE iPhone 11 - 128GB Purple","MHDM3HN/A","0","0","1"
"RAJARAMPURI 1","3087919","APPLE iPhone 12 - 128GB Black","MGJA3HN/A","0","0","1"
"RAJARAMPURI 1","3087919","APPLE AirPods with Charging Case (MV7N2HN/A) White ","MV7N2HN/A","0","0","3"
"RAJARAMPURI 1","3087919","APPLE iPhone 12 -  128GB  Purple","MJNP3HN/A","0","0","1"
"RAJARAMPURI 2","2221545","APPLE iPhone 11 - 128GB Black","MHDH3HN/A","0","0","1"
"RAJARAMPURI 2","2221545","APPLE iPhone 11 - 128GB White","MHDJ3HN/A","2","0","7"
"RAJARAMPURI 2","2221545","APPLE iPhone 11 - 128GB Purple","MHDM3HN/A","0","0","2"
"RAJARAMPURI 2","2221545","APPLE iPhone 11 - 64GB White","MHDC3HN/A","1","0","0"
"RAJARAMPURI 2","2221545","APPLE iPhone 12 Mini - 64GB Black","MGDX3HN/A","0","0","1"
"RAJARAMPURI 2","2221545","APPLE iPhone 12 Mini - 128GB White","MGE43HN/A","1","0","0"
"RAJARAMPURI 2","2221545","APPLE iPhone 11 - 64GB Black","MHDA3HN/A","0","0","3"
"RAJARAMPURI 2","2221545","APPLE iPhone 12 Pro Max - 128GB Pacific Blue","MGDA3HN/A","0","0","1"
"RAJARAMPURI 2","2221545","APPLE iPhone 11 - 128GB Green","MHDN3HN/A","1","0","4"
"RAJARAMPURI 2","2221545","APPLE iPhone 11 - 64GB Purple","MHDF3HN/A","1","0","0"
"RAJARAMPURI 2","2221545","APPLE iPhone 12 - 128GB Black","MGJA3HN/A","0","0","2"
"RAJARAMPURI 2","2221545","APPLE iPhone 12 - 64GB Blue","MGJ83HN/A","0","0","1"
"RAJARAMPURI 2","2221545","APPLE iPhone 12 - 128GB White","MGJC3HN/A","1","0","0"
"RAJARAMPURI 2","2221545","APPLE iPhone 12 Pro - 128GB Silver","MGML3HN/A","0","0","1"
"RAJARAMPURI 2","2221545","APPLE iPhone 12 Pro - 512GB Pacific Blue","MGMX3HN/A","0","0","1"
"RAJARAMPURI 2","2221545","APPLE Watch Series 6 GPS 40mm (PRODUCT)RED Aluminium Case with (PRODUCT)RED Sport Band - M00A3HN/A","M00A3HN/A","0","0","1"
"RAJARAMPURI 2","2221545","APPLE Watch Series 6 GPS + Cellular 40mm Blue Aluminium Case with Deep Navy Sport Band - M06Q3HN/A","M06Q3HN/A","0","0","1"
"RAJARAMPURI 2","2221545","APPLE Watch Series 6 GPS 40mm Silver Aluminium Case with White Sport Band - MG283HN/A","MG283HN/A","0","0","1"
"RAJARAMPURI 2","2221545","APPLE Watch Series 6 GPS + Cellular 44mm Space Grey Aluminium Case with Black Sport Band - MG2E3HN/A","MG2E3HN/A","0","0","1"
"RAJARAMPURI 2","2221545","APPLE 10.9-inch iPad Air Wi-Fi - 64GB Space Grey - MYFM2HN/A","MYFM2HN/A","0","0","1"
"RAJARAMPURI 2","2221545","APPLE 10.5-inch iPad Air Wi-Fi - 64GB Sky Blue - 3H185HN/A","3H185HN/A","0","0","1"
"RAJARAMPURI 2","2221545","APPLE AirPods with Charging Case (MV7N2HN/A) White ","MV7N2HN/A","0","0","4"
"RAJARAMPURI 2","2221545","APPLE AirPods pro with Wireless Charging Case (MWP22HN/A) White","MWP22HN/A","0","0","3"
"RAJARAMPURI 2","2221545","APPLE iPad Wi-Fi (3YLC2HN/A) 32GB Gold ","3YLC2HN/A","0","0","1"
"RAJARAMPURI 2","2221545","APPLE Watch Series 5 GPS + Cellular 40mm Stainless Steel Case with Stainless Steel Milanese Loop - MWX52HN/A","MWX52HN/A","0","0","1"
"RAJARAMPURI 2","2221545","APPLE Watch 40mm Black Sport Band - 3D989ZM/A","3D989ZM/A","0","0","1"
"RAJARAMPURI 2","2221545","APPLE Watch SE GPS 40mm Space Gray Aluminium - 3H135HN/A","3H135HN/A","0","0","1"
"RAJARAMPURI 2","2221545","APPLE Watch Series 6 44mm Blue Aluminum GPS - 3H263HN/A","3H263HN/A","0","0","1"
"RAJARAMPURI 2","2221545","APPLE Watch 44mm Band Deep Navy Sport Band - 3H110ZM/A","3H110ZM/A","0","0","1"
"RAJARAMPURI 2","2221545","APPLE iPad Pro (3rd Generation) 11 inch Wi-Fi -  128GB  Space Gray - MHQR3HN/A","MHQR3HN/A","0","0","1"
"RAJARAMPURI 2","2221545","APPLE iPhone 12 Mini -  64GB  Purple","MJNM3HN/A","0","0","1"
"RANKALA","2399373","APPLE iPhone 11 - 128GB White","MHDJ3HN/A","0","0","1"
"RANKALA","2399373","APPLE iPhone 11 - 64GB White","MHDC3HN/A","1","0","0"
"RANKALA","2399373","APPLE AirPods with Charging Case (MV7N2HN/A) White ","MV7N2HN/A","1","0","0"
"RATNAGIRI 1","2685026","APPLE iPhone 11 - 128GB Black","MHDH3HN/A","0","0","1"
"RATNAGIRI 1","2685026","APPLE iPhone 11 - 128GB White","MHDJ3HN/A","0","0","1"
"RATNAGIRI 1","2685026","APPLE iPhone 11 - 128GB Purple","MHDM3HN/A","1","0","0"
"RATNAGIRI 1","2685026","APPLE iPhone 11 - 64GB White","MHDC3HN/A","0","0","2"
"RATNAGIRI 1","2685026","APPLE iPhone 11 - 128GB Green","MHDN3HN/A","0","0","1"
"RATNAGIRI 1","2685026","APPLE iPhone 12 - 128GB Black","MGJA3HN/A","0","0","1"
"RATNAGIRI 1","2685026","APPLE iPhone 12 - 128GB Blue","MGJE3HN/A","0","0","1"
"RATNAGIRI 1","2685026","APPLE iPhone 12 - 64GB White","MGJ63HN/A","0","0","1"
"RATNAGIRI 1","2685026","APPLE iPhone 12 - 128GB White","MGJC3HN/A","0","0","1"
"RATNAGIRI 1","2685026","APPLE AirPods with Charging Case (MV7N2HN/A) White ","MV7N2HN/A","0","0","1"
"RATNAGIRI 2","2399392","APPLE iPhone 11 - 128GB Black","MHDH3HN/A","0","0","2"
"RATNAGIRI 2","2399392","APPLE iPhone 11 - 128GB White","MHDJ3HN/A","1","0","3"
"RATNAGIRI 2","2399392","APPLE iPhone 11 - 128GB Purple","MHDM3HN/A","1","0","1"
"RATNAGIRI 2","2399392","APPLE iPhone 11 - 64GB White","MHDC3HN/A","0","0","1"
"RATNAGIRI 2","2399392","APPLE iPhone XR - 128GB White","MH7M3HN/A","0","0","1"
"RATNAGIRI 2","2399392","APPLE iPhone 12 - 64GB Black","MGJ53HN/A","0","0","1"
"RATNAGIRI 2","2399392","APPLE iPhone 11 - 64GB Black","MHDA3HN/A","0","0","1"
"RATNAGIRI 2","2399392","APPLE iPhone 11 - 128GB Green","MHDN3HN/A","0","0","1"
"RATNAGIRI 2","2399392","APPLE iPhone 12 - 128GB Black","MGJA3HN/A","0","0","1"
"RATNAGIRI 2","2399392","APPLE iPhone 12 - 128GB Green","MGJF3HN/A","1","0","0"
"RATNAGIRI 2","2399392","APPLE iPhone 12 - 128GB White","MGJC3HN/A","1","0","0"
"RATNAGIRI 2","2399392","APPLE AirPods with Charging Case (MV7N2HN/A) White ","MV7N2HN/A","0","0","2"
"RATNAGIRI 2","2399392","APPLE AirPods pro with Wireless Charging Case (MWP22HN/A) White","MWP22HN/A","0","0","1"
"RATNAGIRI 2","2399392","APPLE iPhone 12 -  128GB  Purple","MJNP3HN/A","0","0","1"
"RATNAGIRI 3","2472707","APPLE iPhone 11 - 128GB Black","MHDH3HN/A","0","0","1"
"RATNAGIRI 3","2472707","APPLE iPhone 11 - 128GB White","MHDJ3HN/A","0","0","1"
"RATNAGIRI 3","2472707","APPLE iPhone 12 Pro Max - 256GB Pacific Blue ","MGDF3HN/A","0","0","1"
"SADASHIV PETH","2221546","APPLE iPhone 11 - 128GB White","MHDJ3HN/A","1","0","2"
"SADASHIV PETH","2221546","APPLE iPhone 11 - 128GB Purple","MHDM3HN/A","1","0","2"
"SADASHIV PETH","2221546","APPLE iPhone 11 - 64GB White","MHDC3HN/A","0","0","1"
"SADASHIV PETH","2221546","APPLE iPhone 12 Mini - 64GB Black","MGDX3HN/A","0","0","1"
"SADASHIV PETH","2221546","APPLE iPhone SE (2020) - 64GB Black","MHGP3HN/A","0","0","1"
"SADASHIV PETH","2221546","APPLE iPhone 11 - 64GB Black","MHDA3HN/A","0","0","1"
"SADASHIV PETH","2221546","APPLE iPhone 11 - 128GB Green","MHDN3HN/A","1","0","1"
"SADASHIV PETH","2221546","APPLE iPhone 11 - 64GB Purple","MHDF3HN/A","1","0","0"
"SADASHIV PETH","2221546","APPLE iPhone 12 Mini - 128GB Blue","MGE63HN/A","0","0","1"
"SADASHIV PETH","2221546","APPLE iPhone 12 - 128GB White","MGJC3HN/A","0","0","1"
"SADASHIV PETH","2221546","APPLE iPhone 11 - 64GB (Product) Red","MHDD3HN/A","0","0","1"
"SADASHIV PETH","2221546","APPLE AirPods with Charging Case (MV7N2HN/A) White ","MV7N2HN/A","0","0","3"
"SADASHIV PETH","2221546","APPLE AirPods pro with Wireless Charging Case (MWP22HN/A) White","MWP22HN/A","0","0","1"
"SADASHIV PETH","2221546","APPLE iPad Pro (3rd Generation) 11 inch Wi-Fi -  128GB  Space Gray - MHQR3HN/A","MHQR3HN/A","0","0","1"
"SANGAMNER","2399393","APPLE iPhone 11 - 128GB Black","MHDH3HN/A","0","0","1"
"SANGAMNER","2399393","APPLE iPhone 11 - 128GB White","MHDJ3HN/A","1","0","1"
"SANGAMNER","2399393","APPLE iPhone XR - 128GB Black","MH7L3HN/A","0","0","1"
"SANGAMNER","2399393","APPLE iPhone 11 - 64GB Black","MHDA3HN/A","0","0","1"
"SANGAMNER","2399393","APPLE iPhone 11 - 128GB Green","MHDN3HN/A","0","0","2"
"SANGAMNER","2399393","APPLE iPhone 12 - 128GB White","MGJC3HN/A","0","0","1"
"SANGAMNER","2399393","APPLE iPhone 12 - 256GB Blue","MGJK3HN/A","0","0","1"
"SANGAMNER","2399393","APPLE 10.9-inch iPad Air Wi-Fi - 64GB Space Grey - MYFM2HN/A","MYFM2HN/A","0","0","1"
"SANGAMNER","2399393","APPLE AirPods with Charging Case (MV7N2HN/A) White ","MV7N2HN/A","0","0","1"
"SANGAMNER","2399393","APPLE AirPods pro with Wireless Charging Case (MWP22HN/A) White","MWP22HN/A","0","0","1"
"SANGLI 1","2221548","APPLE iPhone 11 - 128GB Black","MHDH3HN/A","0","0","1"
"SANGLI 1","2221548","APPLE iPhone 11 - 128GB White","MHDJ3HN/A","1","0","10"
"SANGLI 1","2221548","APPLE iPhone 11 - 128GB Purple","MHDM3HN/A","2","0","4"
"SANGLI 1","2221548","APPLE iPhone 11 - 64GB White","MHDC3HN/A","1","0","2"
"SANGLI 1","2221548","APPLE iPhone 12 Mini - 64GB Black","MGDX3HN/A","0","0","1"
"SANGLI 1","2221548","APPLE iPhone SE (2020) - 64GB Black","MHGP3HN/A","0","0","1"
"SANGLI 1","2221548","APPLE iPhone XR - 128GB Black","MH7L3HN/A","0","0","1"
"SANGLI 1","2221548","APPLE iPhone 12 - 64GB Black","MGJ53HN/A","1","0","0"
"SANGLI 1","2221548","APPLE iPhone 11 - 64GB Black","MHDA3HN/A","1","0","1"
"SANGLI 1","2221548","APPLE iPhone 12 Pro Max - 128GB Pacific Blue","MGDA3HN/A","0","0","2"
"SANGLI 1","2221548","APPLE iPhone 11 - 128GB Green","MHDN3HN/A","1","0","3"
"SANGLI 1","2221548","APPLE iPhone 11 - 64GB Green","MHDG3HN/A","1","0","0"
"SANGLI 1","2221548","APPLE iPhone 11 - 64GB Purple","MHDF3HN/A","0","0","1"
"SANGLI 1","2221548","APPLE iPhone 12 - 128GB Black","MGJA3HN/A","0","0","2"
"SANGLI 1","2221548","APPLE iPhone 12 - 128GB Blue","MGJE3HN/A","0","0","1"
"SANGLI 1","2221548","APPLE iPhone 12 Mini - 128GB Blue","MGE63HN/A","0","0","1"
"SANGLI 1","2221548","APPLE iPhone 12 Pro - 256GB Pacific Blue","MGMT3HN/A","0","0","1"
"SANGLI 1","2221548","APPLE iPhone 12 - 64GB (Product) Red","MGJ73HN/A","0","0","1"
"SANGLI 1","2221548","APPLE iPhone 12 - 128GB White","MGJC3HN/A","1","0","1"
"SANGLI 1","2221548","APPLE iPhone 12 Pro - 256GB Gold","MGMR3HN/A","1","0","0"
"SANGLI 1","2221548","APPLE iPhone 12 Pro - 128GB Pacific Blue","MGMN3HN/A","0","0","1"
"SANGLI 1","2221548","APPLE iPhone 12 Pro - 256GB Silver","MGMQ3HN/A","1","0","0"
"SANGLI 1","2221548","APPLE Watch Series 6 GPS + Cellular 44mm Blue Aluminium Case with Deep Navy Sport Band - M09A3HN/A","M09A3HN/A","0","0","1"
"SANGLI 1","2221548","APPLE Watch Series 6 GPS 40mm Silver Aluminium Case with White Sport Band - MG283HN/A","MG283HN/A","1","0","0"
"SANGLI 1","2221548","APPLE Watch Series 6 GPS + Cellular 44mm Gold Aluminium Case with Pink Sand Sport Band - MG2D3HN/A","MG2D3HN/A","0","0","1"
"SANGLI 1","2221548","APPLE Watch Series 6 GPS + Cellular 44mm Space Grey Aluminium Case with Black Sport Band - MG2E3HN/A","MG2E3HN/A","1","0","0"
"SANGLI 1","2221548","APPLE 10.2-inch iPad Wi-Fi - 32GB Space Grey - MYL92HN/A","MYL92HN/A","0","0","1"
"SANGLI 1","2221548","APPLE 10.9-inch iPad Air Wi-Fi - 64GB Space Grey - MYFM2HN/A","MYFM2HN/A","0","0","1"
"SANGLI 1","2221548","APPLE 10.5-inch iPad Air Wi-Fi - 64GB Space Grey - MUUJ2HN/A","MUUJ2HN/A","1","0","0"
"SANGLI 1","2221548","APPLE Watch SE GPS 44mm Space Gray Aluminium Case with Black Sport Band - MYDT2HN/A","MYDT2HN/A","0","0","1"
"SANGLI 1","2221548","APPLE AirPods with Charging Case (MV7N2HN/A) White ","MV7N2HN/A","0","0","4"
"SANGLI 1","2221548","APPLE AirPods pro with Wireless Charging Case (MWP22HN/A) White","MWP22HN/A","1","0","3"
"SANGLI 1","2221548","APPLE Home Pod (MQHW2HN/A) Space grey","MQHW2HN/A","0","0","1"
"SANGLI 1","2221548","APPLE iPad Wi-Fi (3F837HN/A) ","3F837HN/A","0","0","1"
"SANGLI 1","2221548","APPLE iPad Wi-Fi (3YLC2HN/A) 32GB Gold ","3YLC2HN/A","0","0","1"
"SANGLI 1","2221548","APPLE Watch Series 5 GPS + Cellular 44mm Space Grey Aluminium Case with Black Sport Band - MWWE2HN/A","MWWE2HN/A","0","0","1"
"SANGLI 1","2221548","APPLE Watch SE GPS 40mm Space Gray Aluminium Case with Black Sport Band - MYDP2HN/A","MYDP2HN/A ","0","0","1"
"SANGLI 1","2221548","APPLE Watch 40mm Black Sport Band - 3D989ZM/A","3D989ZM/A","0","0","2"
"SANGLI 1","2221548","APPLE Watch SE GPS 40mm Space Gray Aluminium - 3H135HN/A","3H135HN/A","0","0","2"
"SANGLI 1","2221548","APPLE Watch Series 6 44mm Blue Aluminum GPS - 3H263HN/A","3H263HN/A","0","0","1"
"SANGLI 1","2221548","APPLE Watch 44mm Band Deep Navy Sport Band - 3H110ZM/A","3H110ZM/A","0","0","1"
"SANGLI 1","2221548","APPLE Watch SE GPS + Cellular 44mm Space Gray Aluminium Case with Black Sport Band - Regular - MYF02HN/A","MYF02HN/A","0","0","1"
"SANGLI 1","2221548","APPLE iPhone 12 -  128GB  Purple","MJNP3HN/A","1","0","0"
"SANGLI 1","2221548","APPLE iPad Pro (3rd Generation) 11 inch Wi-Fi -  128GB  Space Gray - MHQR3HN/A","MHQR3HN/A","0","0","1"
"SANGLI 1","2221548","APPLE iPad Pro (3rd Generation) 11 inch Wi-Fi -  256GB  Space Gray - MHQU3HN/A","MHQU3HN/A","0","0","1"
"SANGLI 1","2221548","APPLE iPad Pro (3rd Generation) 11 inch Wi-Fi + Cellular -  128GB  Space Gray - MHW53HN/A","MHW53HN/A","1","0","0"
"SANGLI 1","2221548","APPLE iPad Pro (3rd Generation) 11 inch Wi-Fi -  512GB  Space Gray - MHQW3HN/A","MHQW3HN/A","0","0","1"
"SANGLI 1","2221548","APPLE iPhone 12 Mini -  64GB  Blue","MGE13HN/A","0","0","1"
"SANGLI 2","2399394","APPLE iPhone 11 - 128GB Black","MHDH3HN/A","0","0","1"
"SANGLI 2","2399394","APPLE iPhone 11 - 128GB White","MHDJ3HN/A","0","0","3"
"SANGLI 2","2399394","APPLE iPhone 11 - 128GB Purple","MHDM3HN/A","0","0","1"
"SANGLI 2","2399394","APPLE iPhone 11 - 64GB White","MHDC3HN/A","0","0","2"
"SANGLI 2","2399394","APPLE iPhone 12 Mini - 64GB Black","MGDX3HN/A","0","0","1"
"SANGLI 2","2399394","APPLE iPhone 12 Mini - 128GB White","MGE43HN/A","0","0","1"
"SANGLI 2","2399394","APPLE iPhone SE (2020) - 64GB Black","MHGP3HN/A","0","0","1"
"SANGLI 2","2399394","APPLE iPhone XR - 128GB White","MH7M3HN/A","0","0","1"
"SANGLI 2","2399394","APPLE iPhone 11 - 64GB Black","MHDA3HN/A","0","0","1"
"SANGLI 2","2399394","APPLE iPhone 12 Pro Max - 128GB Pacific Blue","MGDA3HN/A","0","0","1"
"SANGLI 2","2399394","APPLE iPhone 11 - 64GB Purple","MHDF3HN/A","0","0","1"
"SANGLI 2","2399394","APPLE iPhone 12 - 128GB Black","MGJA3HN/A","0","0","1"
"SANGLI 2","2399394","APPLE iPhone 12 - 64GB Green","MGJ93HN/A","0","0","1"
"SANGLI 2","2399394","APPLE iPhone 12 - 128GB White","MGJC3HN/A","0","0","1"
"SANGLI 2","2399394","APPLE iPhone 12 Pro - 128GB Pacific Blue","MGMN3HN/A","0","0","1"
"SANGLI 2","2399394","APPLE iPhone 11 - 64GB (Product) Red","MHDD3HN/A","0","0","1"
"SANGLI 2","2399394","APPLE 10.9-inch iPad Air Wi-Fi - 64GB Space Grey - MYFM2HN/A","MYFM2HN/A","0","0","1"
"SANGLI 2","2399394","APPLE Watch SE GPS 44mm Space Gray Aluminium Case with Black Sport Band - MYDT2HN/A","MYDT2HN/A","0","0","1"
"SANGLI 2","2399394","APPLE Watch Series?3 GPS 42mm Space Grey Aluminium Case with Black Sport Band - MTF32HN/A ","MTF32HN/A","0","0","1"
"SANGLI 2","2399394","APPLE AirPods with Charging Case (MV7N2HN/A) White ","MV7N2HN/A","1","0","2"
"SANGLI 2","2399394","APPLE AirPods pro with Wireless Charging Case (MWP22HN/A) White","MWP22HN/A","0","0","2"
"SANGLI 2","2399394","APPLE Watch SE GPS + Cellular 44mm Space Gray Aluminium Case with Black Sport Band - Regular - MYF02HN/A","MYF02HN/A","0","0","1"
"SANGLI 2","2399394","APPLE iPhone 12 -  128GB  Purple","MJNP3HN/A","0","0","1"
"SANGLI 3","2239260","APPLE iPhone 11 - 128GB White","MHDJ3HN/A","0","0","4"
"SANGLI 3","2239260","APPLE iPhone 11 - 128GB Purple","MHDM3HN/A","0","0","1"
"SANGLI 3","2239260","APPLE iPhone XR - 128GB White","MH7M3HN/A","0","0","1"
"SANGLI 3","2239260","APPLE iPhone 11 - 128GB Green","MHDN3HN/A","0","0","1"
"SANGLI 3","2239260","APPLE iPhone 12 - 128GB Black","MGJA3HN/A","0","0","1"
"SANGLI 3","2239260","APPLE iPhone 12 - 128GB White","MGJC3HN/A","0","0","1"
"SANGLI 3","2239260","APPLE AirPods with Charging Case (MV7N2HN/A) White ","MV7N2HN/A","0","0","1"
"SANGLI 3","2239260","APPLE AirPods pro with Wireless Charging Case (MWP22HN/A) White","MWP22HN/A","0","0","2"
"SANGOLA","2221570","APPLE iPhone 11 - 128GB Black","MHDH3HN/A","1","0","0"
"SANGOLA","2221570","APPLE iPhone 11 - 128GB White","MHDJ3HN/A","0","0","1"
"SANGOLA","2221570","APPLE iPhone 11 - 64GB White","MHDC3HN/A","1","1","0"
"SANGOLA","2221570","APPLE iPhone 11 - 64GB Black","MHDA3HN/A","0","0","1"
"SANGOLA","2221570","APPLE iPhone 11 - 128GB Green","MHDN3HN/A","0","0","1"
"SANGOLA","2221570","APPLE iPhone 12 - 128GB Black","MGJA3HN/A","1","0","0"
"SATARA 1","2221549","APPLE iPhone 11 - 128GB Black","MHDH3HN/A","0","0","1"
"SATARA 1","2221549","APPLE iPhone 11 - 128GB White","MHDJ3HN/A","0","0","4"
"SATARA 1","2221549","APPLE iPhone 11 - 128GB Purple","MHDM3HN/A","1","0","2"
"SATARA 1","2221549","APPLE iPhone 11 - 64GB White","MHDC3HN/A","1","0","0"
"SATARA 1","2221549","APPLE iPhone 12 Mini - 64GB Black","MGDX3HN/A","0","0","1"
"SATARA 1","2221549","APPLE iPhone 12 Mini - 128GB White","MGE43HN/A","0","0","1"
"SATARA 1","2221549","APPLE iPhone SE (2020) - 64GB Black","MHGP3HN/A","0","0","1"
"SATARA 1","2221549","APPLE iPhone XR - 128GB White","MH7M3HN/A","0","0","1"
"SATARA 1","2221549","APPLE iPhone 11 - 64GB Black","MHDA3HN/A","0","0","1"
"SATARA 1","2221549","APPLE iPhone 11 - 128GB Green","MHDN3HN/A","1","0","2"
"SATARA 1","2221549","APPLE iPhone 11 - 64GB Green","MHDG3HN/A","0","0","2"
"SATARA 1","2221549","APPLE iPhone 12 - 128GB Blue","MGJE3HN/A","0","0","2"
"SATARA 1","2221549","APPLE iPhone 12 Mini - 128GB Blue","MGE63HN/A","0","0","1"
"SATARA 1","2221549","APPLE iPhone 12 - 128GB White","MGJC3HN/A","0","0","2"
"SATARA 1","2221549","APPLE iPhone 12 Pro Max - 128GB Silver","MGD83HN/A","0","0","1"
"SATARA 1","2221549","APPLE Watch Series 6 GPS + Cellular 44mm Silver Stainless Steel Case with White Sport Band - M09D3HN/A","M09D3HN/A","0","0","1"
"SATARA 1","2221549","APPLE iPad (7th Generation) Wi-Fi - 32GB Gold - MW762HN/A","MW762HN/A","0","0","1"
"SATARA 1","2221549","APPLE AirPods with Charging Case (MV7N2HN/A) White ","MV7N2HN/A","0","0","2"
"SATARA 1","2221549","APPLE AirPods pro with Wireless Charging Case (MWP22HN/A) White","MWP22HN/A","0","0","2"
"SATARA 1","2221549","APPLE Watch Series 5 GPS 44mm Space Grey Aluminium Case with Black Sport Band - MWVF2HN/A","MWVF2HN/A ","0","0","1"
"SATARA 1","2221549","APPLE iPhone 12 -  128GB  Purple","MJNP3HN/A","0","0","1"
"SATARA 1","2221549","APPLE iPad Air (4th Generation) Wi-Fi Cellular -  256GB  Green - MYH72HN/A","MYH72HN/A","1","0","0"
"SATARA 2","2472708","APPLE iPhone 11 - 128GB Black","MHDH3HN/A","1","0","0"
"SATARA 2","2472708","APPLE iPhone 11 - 128GB White","MHDJ3HN/A","2","0","0"
"SATARA 2","2472708","APPLE iPhone 11 - 128GB Purple","MHDM3HN/A","0","0","1"
"SATARA 2","2472708","APPLE iPhone 11 - 64GB White","MHDC3HN/A","1","0","0"
"SATARA 2","2472708","APPLE iPhone 12 - 64GB Black","MGJ53HN/A","0","0","1"
"SATARA 2","2472708","APPLE iPhone 11 - 128GB Green","MHDN3HN/A","1","0","1"
"SATARA 2","2472708","APPLE iPhone 12 - 128GB Black","MGJA3HN/A","0","0","1"
"SATARA 2","2472708","APPLE iPhone 12 - 128GB Green","MGJF3HN/A","0","0","1"
"SATARA 2","2472708","APPLE iPhone 12 - 128GB White","MGJC3HN/A","0","0","1"
"SATARA 2","2472708","APPLE AirPods with Charging Case (MV7N2HN/A) White ","MV7N2HN/A","0","0","1"
"SATARA 2","2472708","APPLE AirPods pro with Wireless Charging Case (MWP22HN/A) White","MWP22HN/A","0","0","1"
"SATARA 2","2472708","APPLE iPhone 12 -  128GB  Purple","MJNP3HN/A","0","0","1"
"SATARA POWAI NAKA","2685023","APPLE iPhone 11 - 128GB White","MHDJ3HN/A","0","0","3"
"SATARA POWAI NAKA","2685023","APPLE iPhone 11 - 64GB Black","MHDA3HN/A","0","0","1"
"SATARA POWAI NAKA","2685023","APPLE iPhone 11 - 128GB Green","MHDN3HN/A","0","0","1"
"SATARA POWAI NAKA","2685023","APPLE iPhone 12 - 128GB Black","MGJA3HN/A","0","0","1"
"SATARA POWAI NAKA","2685023","APPLE AirPods with Charging Case (MV7N2HN/A) White ","MV7N2HN/A","0","0","1"
"SAWANTWADI","2221571","APPLE iPhone 11 - 128GB Black","MHDH3HN/A","0","0","1"
"SAWANTWADI","2221571","APPLE iPhone 11 - 128GB White","MHDJ3HN/A","1","0","2"
"SAWANTWADI","2221571","APPLE iPhone 11 - 64GB White","MHDC3HN/A","0","0","1"
"SAWANTWADI","2221571","APPLE iPhone 11 - 64GB Black","MHDA3HN/A","1","0","0"
"SAWANTWADI","2221571","APPLE iPhone 11 - 128GB Green","MHDN3HN/A","0","0","1"
"SAWANTWADI","2221571","APPLE iPhone 12 - 128GB White","MGJC3HN/A","0","0","1"
"SAWANTWADI","2221571","APPLE AirPods with Charging Case (MV7N2HN/A) White ","MV7N2HN/A","0","0","1"
"SHAHUPURI","2221538","APPLE iPhone 11 - 128GB Black","MHDH3HN/A","3","0","0"
"SHAHUPURI","2221538","APPLE iPhone 11 - 128GB White","MHDJ3HN/A","3","0","9"
"SHAHUPURI","2221538","APPLE iPhone 11 - 128GB Purple","MHDM3HN/A","0","0","3"
"SHAHUPURI","2221538","APPLE iPhone 11 - 64GB White","MHDC3HN/A","2","0","0"
"SHAHUPURI","2221538","APPLE iPhone 12 Mini - 64GB Black","MGDX3HN/A","0","0","1"
"SHAHUPURI","2221538","APPLE iPhone 12 Mini - 128GB White","MGE43HN/A","0","0","1"
"SHAHUPURI","2221538","APPLE iPhone 11 - 64GB Black","MHDA3HN/A","2","0","1"
"SHAHUPURI","2221538","APPLE iPhone 12 Pro Max - 128GB Pacific Blue","MGDA3HN/A","0","0","1"
"SHAHUPURI","2221538","APPLE iPhone 11 - 128GB Green","MHDN3HN/A","0","0","5"
"SHAHUPURI","2221538","APPLE iPhone 11 - 64GB Green","MHDG3HN/A","1","0","0"
"SHAHUPURI","2221538","APPLE iPhone 11 - 64GB Purple","MHDF3HN/A","0","0","1"
"SHAHUPURI","2221538","APPLE iPhone 12 - 128GB Black","MGJA3HN/A","0","0","2"
"SHAHUPURI","2221538","APPLE iPhone 12 - 64GB Blue","MGJ83HN/A","0","0","1"
"SHAHUPURI","2221538","APPLE iPhone 12 Pro Max - 128GB Graphite","MGD73HN/A","0","0","1"
"SHAHUPURI","2221538","APPLE iPhone 12 - 64GB White","MGJ63HN/A","1","0","0"
"SHAHUPURI","2221538","APPLE iPhone 12 - 128GB White","MGJC3HN/A","2","0","1"
"SHAHUPURI","2221538","APPLE iPhone 12 - 256GB Blue","MGJK3HN/A","0","0","1"
"SHAHUPURI","2221538","APPLE iPhone 12 - 128GB (Product) Red","MGJD3HN/A","0","0","1"
"SHAHUPURI","2221538","APPLE iPhone 12 Pro - 128GB Graphite","MGMK3HN/A","0","0","1"
"SHAHUPURI","2221538","APPLE iPhone 12 Pro - 256GB Graphite","MGMP3HN/A","0","0","1"
"SHAHUPURI","2221538","APPLE iPhone 12 Pro Max - 128GB Silver","MGD83HN/A","0","0","1"
"SHAHUPURI","2221538","APPLE iPhone 12 Pro - 128GB Pacific Blue","MGMN3HN/A","0","0","1"
"SHAHUPURI","2221538","APPLE Watch Series 6 GPS 44mm Gold Aluminium Case with Pink Sand Sport - M00E3HN/A","M00E3HN/A","0","0","1"
"SHAHUPURI","2221538","APPLE Watch Series 6 GPS 44mm Blue Aluminium Case with Deep Navy Sport Band - M00J3HN/A","M00J3HN/A","0","0","1"
"SHAHUPURI","2221538","APPLE Watch Series 6 GPS + Cellular 44mm Graphite Stainless Steel Case with Black Sport Band - M09H3HN/A","M09H3HN/A","0","0","1"
"SHAHUPURI","2221538","APPLE Watch Series 6 GPS 40mm Silver Aluminium Case with White Sport Band - MG283HN/A","MG283HN/A","0","0","1"
"SHAHUPURI","2221538","APPLE Watch Series 6 GPS + Cellular 44mm Space Grey Aluminium Case with Black Sport Band - MG2E3HN/A","MG2E3HN/A","0","0","1"
"SHAHUPURI","2221538","APPLE 10.2-inch iPad Wi-Fi + Cellular - 32GB Space Grey - MYMH2HN/A","MYMH2HN/A","0","0","1"
"SHAHUPURI","2221538","APPLE 10.9-inch iPad Air Wi-Fi - 64GB Space Grey - MYFM2HN/A","MYFM2HN/A","0","0","1"
"SHAHUPURI","2221538","APPLE Watch SE GPS 44mm Space Gray Aluminium Case with Black Sport Band - MYDT2HN/A","MYDT2HN/A","1","0","0"
"SHAHUPURI","2221538","APPLE 12.9-inch iPad?Pro Wi-Fi - 128GB Space Grey - MY2H2HN/A","MY2H2HN/A","0","0","1"
"SHAHUPURI","2221538","APPLE 11-inch iPad?Pro Wi-Fi - 128GB Silver - 3G932HN/A","3G932HN/A","0","0","1"
"SHAHUPURI","2221538","APPLE AirPods with Charging Case (MV7N2HN/A) White ","MV7N2HN/A","0","0","6"
"SHAHUPURI","2221538","APPLE AirPods pro with Wireless Charging Case (MWP22HN/A) White","MWP22HN/A","1","0","3"
"SHAHUPURI","2221538","APPLE I PAD (6th GENERATION) WIFI - 32GB Gold","MRJN2HN/A","0","0","1"
"SHAHUPURI","2221538","APPLE iPad Wi-Fi (3YLC2HN/A) 32GB Gold ","3YLC2HN/A","0","0","1"
"SHAHUPURI","2221538","APPLE Watch SE GPS 44mm Gold Aluminium Case with Pink Sand Sport Band - MYDR2HN/A","MYDR2HN/A ","0","0","1"
"SHAHUPURI","2221538","APPLE Watch Series 4 GPS 40mm Space Grey Aluminium Case with Black Sport Band - MU662HN/A","MU662HN/A","0","0","1"
"SHAHUPURI","2221538","APPLE Watch Series 6 44mm Blue Aluminum GPS - 3H263HN/A","3H263HN/A","0","0","1"
"SHAHUPURI","2221538","APPLE Watch 44mm Band Deep Navy Sport Band - 3H110ZM/A","3H110ZM/A","0","0","1"
"SHAHUPURI","2221538","APPLE Watch 44mm Band Black Sport Band - S/M and M/L (3E047ZM/A)","3E047ZM/A","0","0","1"
"SHAHUPURI","2221538","APPLE Watch SE GPS + Cellular 44mm Space Gray Aluminium Case with Black Sport Band - Regular - MYF02HN/A","MYF02HN/A","0","0","1"
"SHAHUPURI","2221538","APPLE iPhone 12 -  128GB  Purple","MJNP3HN/A","0","0","1"
"SHAHUPURI","2221538","APPLE iPhone 12 -  64GB  Purple","MJNM3HN/A","0","0","1"
"SHAHUPURI","2221538","APPLE iPad Pro (3rd Generation) 11 inch Wi-Fi -  128GB  Space Gray - MHQR3HN/A","MHQR3HN/A","0","0","1"
"SHAHUPURI","2221538","APPLE iPad Pro (3rd Generation) 11 inch Wi-Fi -  256GB  Space Gray - MHQU3HN/A","MHQU3HN/A","0","0","1"
"SHAHUPURI","2221538","APPLE iPad Air (4th Generation) Wi-Fi -  64GB  Green - MYFR2HN/A","MYFR2HN/A","0","0","1"
"SHAHUPURI","2221538","APPLE iPad Pro (3rd Generation) 11 inch Wi-Fi + Cellular -  256GB  Space grey  MHW73HN/A","MHW73HN/A","1","0","0"
"SHAHUPURI","2221538","APPLE iPad Pro (3rd Generation) 11 inch Wi-Fi -  512GB  Space Gray - MHQW3HN/A","MHQW3HN/A","0","0","1"
"SHAHUPURI","2221538","APPLE iPad Pro (5th Generation) 12.9 inch Wi-Fi -  128GB  Space Gray - MHNF3HN/A","MHNF3HN/A","0","0","1"
"SHIRUR","2399387","APPLE iPhone 11 - 128GB White","MHDJ3HN/A","2","0","1"
"SHIRUR","2399387","APPLE iPhone 11 - 128GB Purple","MHDM3HN/A","1","0","1"
"SHIRUR","2399387","APPLE iPhone 11 - 64GB White","MHDC3HN/A","3","0","0"
"SHIRUR","2399387","APPLE iPhone 12 - 128GB Black","MGJA3HN/A","0","0","1"
"SHIRUR","2399387","APPLE iPhone 12 Pro Max - 256GB Pacific Blue ","MGDF3HN/A","1","0","0"
"SOLAPUR 1","2221543","APPLE iPhone 11 - 128GB Black","MHDH3HN/A","0","0","1"
"SOLAPUR 1","2221543","APPLE iPhone 11 - 128GB White","MHDJ3HN/A","1","0","3"
"SOLAPUR 1","2221543","APPLE iPhone 11 - 64GB White","MHDC3HN/A","1","0","1"
"SOLAPUR 1","2221543","APPLE iPhone 12 Mini - 64GB Black","MGDX3HN/A","0","0","1"
"SOLAPUR 1","2221543","APPLE iPhone 12 Mini - 128GB White","MGE43HN/A","0","0","1"
"SOLAPUR 1","2221543","APPLE iPhone XR - 128GB Black","MH7L3HN/A","1","0","0"
"SOLAPUR 1","2221543","APPLE iPhone 12 - 64GB Black","MGJ53HN/A","0","0","1"
"SOLAPUR 1","2221543","APPLE iPhone 11 - 64GB Black","MHDA3HN/A","0","0","2"
"SOLAPUR 1","2221543","APPLE iPhone 11 - 128GB Green","MHDN3HN/A","0","0","3"
"SOLAPUR 1","2221543","APPLE iPhone 12 - 128GB Black","MGJA3HN/A","0","0","1"
"SOLAPUR 1","2221543","APPLE iPhone 12 - 128GB Blue","MGJE3HN/A","0","0","1"
"SOLAPUR 1","2221543","APPLE iPhone 12 - 64GB Blue","MGJ83HN/A","0","0","1"
"SOLAPUR 1","2221543","APPLE iPhone 12 - 128GB Green","MGJF3HN/A","0","0","1"
"SOLAPUR 1","2221543","APPLE iPhone 12 - 128GB White","MGJC3HN/A","1","0","0"
"SOLAPUR 1","2221543","APPLE Watch Series 6 GPS + Cellular 44mm Blue Aluminium Case with Deep Navy Sport Band - M09A3HN/A","M09A3HN/A","1","0","0"
"SOLAPUR 1","2221543","APPLE 10.2-inch iPad Wi-Fi + Cellular - 32GB Space Grey - MYMH2HN/A","MYMH2HN/A","0","0","1"
"SOLAPUR 1","2221543","APPLE Watch SE GPS 44mm Space Gray Aluminium Case with Black Sport Band - MYDT2HN/A","MYDT2HN/A","0","0","1"
"SOLAPUR 1","2221543","APPLE iPad (7th Generation) Wi-Fi + Cellular - 32GB Space Grey - MW6A2HN/A","MW6A2HN/A","0","0","1"
"SOLAPUR 1","2221543","APPLE AirPods with Charging Case (MV7N2HN/A) White ","MV7N2HN/A","0","0","3"
"SOLAPUR 1","2221543","APPLE AirPods pro with Wireless Charging Case (MWP22HN/A) White","MWP22HN/A","0","0","1"
"SOLAPUR 1","2221543","APPLE iPad Wi-Fi (3YLC2HN/A) 32GB Gold ","3YLC2HN/A","0","0","1"
"SOLAPUR 1","2221543","APPLE Watch Series 6 44mm Blue Aluminum GPS - 3H263HN/A","3H263HN/A","0","0","1"
"SOLAPUR 1","2221543","APPLE Watch 44mm Band Deep Navy Sport Band - 3H110ZM/A","3H110ZM/A","0","0","1"
"SOLAPUR 1","2221543","APPLE iPhone 12 -  128GB  Purple","MJNP3HN/A","0","0","1"
"SOLAPUR 1","2221543","APPLE iPad Pro (3rd Generation) 11 inch Wi-Fi + Cellular -  128GB  Space Gray - MHW53HN/A","MHW53HN/A","0","0","1"
"SOLAPUR 2","2221539","APPLE iPhone 11 - 128GB White","MHDJ3HN/A","2","0","6"
"SOLAPUR 2","2221539","APPLE iPhone 11 - 128GB Purple","MHDM3HN/A","1","0","1"
"SOLAPUR 2","2221539","APPLE iPhone 11 - 64GB White","MHDC3HN/A","1","0","0"
"SOLAPUR 2","2221539","APPLE iPhone 12 Mini - 64GB Black","MGDX3HN/A","0","0","1"
"SOLAPUR 2","2221539","APPLE iPhone SE (2020) - 64GB Black","MHGP3HN/A","0","0","1"
"SOLAPUR 2","2221539","APPLE iPhone 11 - 64GB Black","MHDA3HN/A","2","0","1"
"SOLAPUR 2","2221539","APPLE iPhone 11 - 128GB Green","MHDN3HN/A","1","0","1"
"SOLAPUR 2","2221539","APPLE iPhone 12 - 128GB Black","MGJA3HN/A","1","0","0"
"SOLAPUR 2","2221539","APPLE iPhone 12 Mini - 128GB Blue","MGE63HN/A","1","0","0"
"SOLAPUR 2","2221539","APPLE iPhone 12 Pro Max - 256GB Pacific Blue ","MGDF3HN/A","0","0","1"
"SOLAPUR 2","2221539","APPLE iPhone 12 - 128GB Green","MGJF3HN/A","0","0","1"
"SOLAPUR 2","2221539","APPLE iPhone 12 Pro - 256GB Graphite","MGMP3HN/A","0","0","1"
"SOLAPUR 2","2221539","APPLE iPhone 11 - 64GB (Product) Red","MHDD3HN/A","0","0","1"
"SOLAPUR 2","2221539","APPLE 11-inch iPad?Pro Wi-Fi + Cellular - 128GB Space Grey - MY2V2HN/A","MY2V2HN/A","0","0","1"
"SOLAPUR 2","2221539","APPLE AirPods with Charging Case (MV7N2HN/A) White ","MV7N2HN/A","1","0","2"
"SOLAPUR 2","2221539","APPLE AirPods pro with Wireless Charging Case (MWP22HN/A) White","MWP22HN/A","1","0","1"
"SOLAPUR 2","2221539","APPLE Home Pod (MQHW2HN/A) Space grey","MQHW2HN/A","1","0","0"
"SOLAPUR 2","2221539","APPLE Watch SE GPS + Cellular 44mm Space Gray Aluminium Case with Black Sport Band - Regular - MYF02HN/A","MYF02HN/A","0","0","1"
"SOLAPUR 2","2221539","APPLE iPhone 12 -  128GB  Purple","MJNP3HN/A","0","0","1"
"SOLAPUR 2","2221539","APPLE iPad Pro (3rd Generation) 11 inch Wi-Fi -  128GB  Space Gray - MHQR3HN/A","MHQR3HN/A","0","0","1"
"SOLAPUR 2","2221539","APPLE iPad Pro (5th Generation) 12.9 inch Wi-Fi -  128GB  Space Gray - MHNF3HN/A","MHNF3HN/A","0","0","1"
"SOLAPUR 3","2472709","APPLE iPhone 11 - 128GB Black","MHDH3HN/A","0","0","1"
"SOLAPUR 3","2472709","APPLE iPhone 11 - 128GB White","MHDJ3HN/A","1","0","2"
"SOLAPUR 3","2472709","APPLE iPhone 11 - 128GB Purple","MHDM3HN/A","0","0","1"
"SOLAPUR 3","2472709","APPLE iPhone 12 - 64GB Black","MGJ53HN/A","0","0","1"
"SOLAPUR 3","2472709","APPLE iPhone 11 - 128GB Green","MHDN3HN/A","1","0","0"
"SOLAPUR 3","2472709","APPLE AirPods with Charging Case (MV7N2HN/A) White ","MV7N2HN/A","1","0","1"
"SOLAPUR 3","2472709","APPLE AirPods pro with Wireless Charging Case (MWP22HN/A) White","MWP22HN/A","0","0","1"
"SOLAPUR 4","2850211","APPLE iPhone 11 - 128GB Black","MHDH3HN/A","0","0","1"
"SOLAPUR 4","2850211","APPLE iPhone 11 - 128GB White","MHDJ3HN/A","2","0","2"
"SOLAPUR 4","2850211","APPLE iPhone 11 - 128GB Purple","MHDM3HN/A","0","0","1"
"SOLAPUR 4","2850211","APPLE iPhone XR - 128GB Black","MH7L3HN/A","1","0","0"
"SOLAPUR 4","2850211","APPLE iPhone 12 - 64GB Black","MGJ53HN/A","0","0","1"
"SOLAPUR 4","2850211","APPLE iPhone 11 - 128GB Green","MHDN3HN/A","1","0","1"
"SOLAPUR 4","2850211","APPLE iPhone 12 Mini - 128GB Blue","MGE63HN/A","0","0","1"
"SOLAPUR 4","2850211","APPLE iPhone 12 - 128GB White","MGJC3HN/A","2","0","0"
"SOLAPUR 4","2850211","APPLE AirPods pro with Wireless Charging Case (MWP22HN/A) White","MWP22HN/A","0","0","1"
"VITA 1","2221573","APPLE iPhone 11 - 128GB Black","MHDH3HN/A","1","0","0"
"VITA 1","2221573","APPLE iPhone 11 - 128GB White","MHDJ3HN/A","1","0","2"
"VITA 1","2221573","APPLE iPhone 11 - 64GB Black","MHDA3HN/A","0","0","1"
"VITA 1","2221573","APPLE iPhone 11 - 128GB Green","MHDN3HN/A","0","0","1"
"VITA 1","2221573","APPLE iPhone 12 -  128GB  Purple","MJNP3HN/A","0","0","1"
"VITA 2","2399412","APPLE iPhone 11 - 128GB White","MHDJ3HN/A","0","0","2"
"VITA 2","2399412","APPLE iPhone 11 - 64GB White","MHDC3HN/A","0","0","1"
"VITA 2","2399412","APPLE iPhone 12 - 128GB Blue","MGJE3HN/A","0","0","1"
"VITA 2","2399412","APPLE iPhone 12 - 128GB White","MGJC3HN/A","0","0","1"
"VITA 2","2399412","APPLE AirPods with Charging Case (MV7N2HN/A) White ","MV7N2HN/A","0","0","1"
"WAI","2399416","APPLE iPhone 11 - 128GB White","MHDJ3HN/A","0","0","3"
"WAI","2399416","APPLE iPhone 11 - 64GB Black","MHDA3HN/A","0","0","1"
"WAI","2399416","APPLE iPhone 11 - 128GB Green","MHDN3HN/A","0","0","1"
"WAI","2399416","APPLE iPhone 12 - 128GB Black","MGJA3HN/A","0","0","1"
"AKKALKOT","3232292","APPLE iPhone 11 - 128GB Black","MHDH3HN/A","1","0","0"
"AKKALKOT","3232292","APPLE iPhone 11 - 128GB White","MHDJ3HN/A","1","0","1"
"AKKALKOT","3232292","APPLE iPhone 11 - 128GB Green","MHDN3HN/A","0","0","1"
"AKKALKOT","3232292","APPLE iPhone 12 - 128GB White","MGJC3HN/A","0","0","1"
"AKKALKOT","3232292","APPLE AirPods with Charging Case (MV7N2HN/A) White ","MV7N2HN/A","0","0","1"
"TULJAPUR","3232291","APPLE iPhone 11 - 128GB Black","MHDH3HN/A","0","0","1"
"TULJAPUR","3232291","APPLE iPhone 11 - 128GB White","MHDJ3HN/A","1","0","4"
"TULJAPUR","3232291","APPLE iPhone 11 - 128GB Purple","MHDM3HN/A","3","0","2"
"TULJAPUR","3232291","APPLE iPhone 12 - 64GB Black","MGJ53HN/A","0","0","1"
"TULJAPUR","3232291","APPLE iPhone 11 - 64GB Black","MHDA3HN/A","0","0","1"
"TULJAPUR","3232291","APPLE iPhone 11 - 128GB Green","MHDN3HN/A","2","0","0"
"TULJAPUR","3232291","APPLE iPhone 12 - 128GB Black","MGJA3HN/A","0","0","1"
"TULJAPUR","3232291","APPLE iPhone 12 Pro Max - 256GB Gold","MGDE3HN/A","1","0","0"
"TULJAPUR","3232291","APPLE AirPods with Charging Case (MV7N2HN/A) White ","MV7N2HN/A","1","0","0"
"BHOSARI","3087917","APPLE iPhone 11 - 128GB White","MHDJ3HN/A","1","0","1"
"BHOSARI","3087917","APPLE iPhone 11 - 64GB White","MHDC3HN/A","0","0","1"
"BHOSARI","3087917","APPLE iPhone 11 - 128GB Green","MHDN3HN/A","1","0","1"
"BHOSARI","3087917","APPLE iPhone 12 - 128GB White","MGJC3HN/A","0","0","1"
"HUPARI","2850206","APPLE iPhone 11 - 128GB White","MHDJ3HN/A","0","0","1"
"HUPARI","2850206","APPLE iPhone XR - 128GB Black","MH7L3HN/A","0","0","1"
"ICHALKARANJI 2","2850208","APPLE iPhone 11 - 128GB Black","MHDH3HN/A","0","0","1"
"ICHALKARANJI 2","2850208","APPLE iPhone 11 - 128GB White","MHDJ3HN/A","3","0","1"
"ICHALKARANJI 2","2850208","APPLE iPhone 11 - 128GB Green","MHDN3HN/A","1","0","0"
"ICHALKARANJI 2","2850208","APPLE AirPods with Charging Case (MV7N2HN/A) White ","MV7N2HN/A","0","0","2"
"JATH","2685021","APPLE iPhone 11 - 128GB Black","MHDH3HN/A","0","0","1"
"JATH","2685021","APPLE iPhone 11 - 128GB White","MHDJ3HN/A","0","0","2"
"JATH","2685021","APPLE iPhone 12 - 128GB Green","MGJF3HN/A","1","0","0"
"JATH","2685021","APPLE iPhone 12 - 128GB White","MGJC3HN/A","0","0","1"
"KANKAVALI 2","3087920","APPLE iPhone 11 - 128GB Black","MHDH3HN/A","0","0","1"
"KANKAVALI 2","3087920","APPLE iPhone 11 - 128GB White","MHDJ3HN/A","1","0","1"
"KANKAVALI 2","3087920","APPLE iPhone 11 - 64GB White","MHDC3HN/A","0","0","1"
"KANKAVALI 2","3087920","APPLE iPhone 12 - 128GB Black","MGJA3HN/A","0","0","1"
"KANKAVALI 2","3087920","APPLE AirPods with Charging Case (MV7N2HN/A) White ","MV7N2HN/A","1","0","1"
"KARAD 3","3047687","APPLE iPhone 11 - 128GB Black","MHDH3HN/A","3","0","0"
"KARAD 3","3047687","APPLE iPhone 11 - 128GB White","MHDJ3HN/A","0","0","4"
"KARAD 3","3047687","APPLE iPhone 11 - 128GB Purple","MHDM3HN/A","1","0","0"
"KARAD 3","3047687","APPLE iPhone 11 - 64GB White","MHDC3HN/A","0","0","2"
"KARAD 3","3047687","APPLE iPhone 12 Mini - 128GB White","MGE43HN/A","0","0","1"
"KARAD 3","3047687","APPLE iPhone 12 - 64GB Black","MGJ53HN/A","0","0","1"
"KARAD 3","3047687","APPLE iPhone 11 - 64GB Black","MHDA3HN/A","0","0","1"
"KARAD 3","3047687","APPLE iPhone 11 - 128GB Green","MHDN3HN/A","1","0","0"
"KARAD 3","3047687","APPLE iPhone 12 - 128GB Black","MGJA3HN/A","0","0","1"
"KARAD 3","3047687","APPLE iPhone 12 - 128GB Green","MGJF3HN/A","0","0","1"
"KARAD 3","3047687","APPLE iPhone 12 - 128GB White","MGJC3HN/A","0","0","1"
"KARAD 3","3047687","APPLE iPhone 12 Pro - 128GB Pacific Blue","MGMN3HN/A","0","0","1"
"KARAD 3","3047687","APPLE Watch Series 6 GPS 44mm Blue Aluminium Case with Deep Navy Sport Band - M00J3HN/A","M00J3HN/A","1","0","0"
"KARAD 3","3047687","APPLE AirPods with Charging Case (MV7N2HN/A) White ","MV7N2HN/A","0","0","1"
"KARAD 3","3047687","APPLE AirPods pro with Wireless Charging Case (MWP22HN/A) White","MWP22HN/A","0","0","1"
"TASGAON 2","2850205","APPLE iPhone 11 - 128GB White","MHDJ3HN/A","0","0","1"
"TASGAON 2","2850205","APPLE iPhone 11 - 64GB White","MHDC3HN/A","0","0","1"
"VADUJ","3232289","APPLE iPhone 11 - 128GB Black","MHDH3HN/A","0","0","1"
"VADUJ","3232289","APPLE iPhone 11 - 128GB White","MHDJ3HN/A","0","0","3"
"VADUJ","3232289","APPLE iPhone 11 - 128GB Purple","MHDM3HN/A","0","0","1"
"VADUJ","3232289","APPLE iPhone 11 - 64GB White","MHDC3HN/A","0","0","1"
"VADUJ","3232289","APPLE iPhone 11 - 128GB Green","MHDN3HN/A","0","0","1"
"KHED","3232293","APPLE iPhone 11 - 128GB White","MHDJ3HN/A","0","0","1"
"KHED","3232293","APPLE iPhone 11 - 64GB White","MHDC3HN/A","0","0","1"
"KHED","3232293","APPLE iPhone 12 Mini - 128GB White","MGE43HN/A","0","0","1"
"KHED","3232293","APPLE iPhone XR - 64GB Black","MH6M3HN/A","0","0","1"
"KHED","3232293","APPLE iPhone 11 - 128GB Green","MHDN3HN/A","1","0","0"
"KHED","3232293","APPLE Watch Series?3 GPS 42mm Space Grey Aluminium Case with Black Sport Band - MTF32HN/A ","MTF32HN/A","0","0","1"
"KHED","3232293","APPLE AirPods with Charging Case (MV7N2HN/A) White ","MV7N2HN/A","1","0","0"
"GOREGAON West","3152232","APPLE iPhone 11 - 128GB Black","MHDH3HN/A","0","0","1"
"GOREGAON West","3152232","APPLE iPhone 11 - 128GB White","MHDJ3HN/A","0","0","2"
"GOREGAON West","3152232","APPLE iPhone 11 - 128GB Purple","MHDM3HN/A","0","0","1"
"GOREGAON West","3152232","APPLE iPhone 11 - 64GB White","MHDC3HN/A","0","0","2"
"GOREGAON West","3152232","APPLE iPhone XR - 128GB Black","MH7L3HN/A","0","0","1"
"GOREGAON West","3152232","APPLE iPhone 12 - 64GB Black","MGJ53HN/A","0","0","1"
"GOREGAON West","3152232","APPLE iPhone 11 - 64GB Black","MHDA3HN/A","0","0","1"
"GOREGAON West","3152232","APPLE iPhone 12 Pro Max - 128GB Pacific Blue","MGDA3HN/A","0","0","1"
"GOREGAON West","3152232","APPLE iPhone 11 - 128GB Green","MHDN3HN/A","0","0","1"
"GOREGAON West","3152232","APPLE iPhone 11 - 64GB Purple","MHDF3HN/A","1","0","0"
"GOREGAON West","3152232","APPLE iPhone 12 - 128GB Black","MGJA3HN/A","0","0","1"
"GOREGAON West","3152232","APPLE iPhone 12 Pro Max - 256GB Pacific Blue ","MGDF3HN/A","0","0","1"
"GOREGAON West","3152232","APPLE iPhone 12 - 128GB White","MGJC3HN/A","0","0","1"
"GOREGAON West","3152232","APPLE iPhone 12 Pro Max - 256GB Graphite

","MGDC3HN/A","0","0","1"
"GOREGAON West","3152232","APPLE iPhone 12 Pro Max - 128GB Silver","MGD83HN/A","0","0","1"
"GOREGAON West","3152232","APPLE Watch Series?3 GPS 42mm Space Grey Aluminium Case with Black Sport Band - MTF32HN/A ","MTF32HN/A","0","0","1"
"GOREGAON West","3152232","APPLE AirPods with Charging Case (MV7N2HN/A) White ","MV7N2HN/A","0","0","2"
"GOREGAON West","3152232","APPLE iPad Wi-Fi (3YLC2HN/A) 32GB Gold ","3YLC2HN/A","0","0","1"
"GOREGAON West","3152232","APPLE Watch Series 6 44mm Blue Aluminum GPS - 3H263HN/A","3H263HN/A","0","0","1"
"GOREGAON West","3152232","APPLE iPhone 12 -  128GB  Purple","MJNP3HN/A","0","0","1"
"GOREGAON West","3152232","APPLE iPad Pro (3rd Generation) 11 inch Wi-Fi + Cellular -  128GB  Space Gray - MHW53HN/A","MHW53HN/A","0","0","1"
"MIRA ROAD East","3152240","APPLE iPhone 11 - 128GB White","MHDJ3HN/A","0","0","1"
"MIRA ROAD East","3152240","APPLE iPhone 11 - 64GB White","MHDC3HN/A","1","0","1"
"MIRA ROAD East","3152240","APPLE iPhone 11 - 64GB Black","MHDA3HN/A","0","0","1"
"MIRA ROAD East","3152240","APPLE iPhone 11 - 128GB Green","MHDN3HN/A","0","0","1"
"MIRA ROAD East","3152240","APPLE iPhone 11 - 64GB Purple","MHDF3HN/A","1","0","0"
"MIRA ROAD East","3152240","APPLE iPhone 12 - 64GB White","MGJ63HN/A","0","0","1"
"MIRA ROAD East","3152240","APPLE iPhone 12 - 128GB White","MGJC3HN/A","0","0","1"
"OSHIWARA","3152241","APPLE iPhone 11 - 128GB White","MHDJ3HN/A","0","0","1"
"OSHIWARA","3152241","APPLE iPhone 11 - 128GB Purple","MHDM3HN/A","0","0","1"
"OSHIWARA","3152241","APPLE iPhone 11 - 64GB White","MHDC3HN/A","0","0","1"
"OSHIWARA","3152241","APPLE iPhone 11 - 64GB Black","MHDA3HN/A","0","0","1"
"OSHIWARA","3152241","APPLE iPhone 12 - 128GB Black","MGJA3HN/A","0","0","1"
"OSHIWARA","3152241","APPLE iPhone 12 - 128GB White","MGJC3HN/A","0","0","1"
"OSHIWARA","3152241","APPLE iPhone 12 - 256GB Black","MGJG3HN/A","1","0","0"
"OSHIWARA","3152241","APPLE AirPods with Charging Case (MV7N2HN/A) White ","MV7N2HN/A","0","0","1"
"OSHIWARA","3152241","APPLE AirPods pro with Wireless Charging Case (MWP22HN/A) White","MWP22HN/A","2","0","0"
"VASCO","3232288","APPLE iPhone 11 - 128GB Black","MHDH3HN/A","0","0","1"
"VASCO","3232288","APPLE iPhone 11 - 128GB White","MHDJ3HN/A","3","0","2"
"VASCO","3232288","APPLE iPhone 11 - 128GB Purple","MHDM3HN/A","0","0","1"
"VASCO","3232288","APPLE iPhone 11 - 64GB White","MHDC3HN/A","0","0","1"
"VASCO","3232288","APPLE iPhone 12 Mini - 64GB Black","MGDX3HN/A","0","0","1"
"VASCO","3232288","APPLE iPhone 12 Mini - 128GB White","MGE43HN/A","0","0","1"
"VASCO","3232288","APPLE iPhone XR - 128GB White","MH7M3HN/A","0","0","1"
"VASCO","3232288","APPLE iPhone 11 - 128GB Green","MHDN3HN/A","0","0","1"
"VASCO","3232288","APPLE iPhone 12 - 128GB Black","MGJA3HN/A","0","0","1"
"VASCO","3232288","APPLE iPhone 12 - 128GB White","MGJC3HN/A","0","0","1"
"VASCO","3232288","APPLE iPhone 12 Pro - 256GB Graphite","MGMP3HN/A","0","0","1"
"VASCO","3232288","APPLE AirPods with Charging Case (MV7N2HN/A) White ","MV7N2HN/A","0","0","1"
"VASCO","3232288","APPLE AirPods pro with Wireless Charging Case (MWP22HN/A) White","MWP22HN/A","0","0","1"
"VASCO","3232288","APPLE iPhone 12 -  128GB  Purple","MJNP3HN/A","1","0","0"
"PONDA","3232290","APPLE iPhone 11 - 128GB Black","MHDH3HN/A","0","0","2"
"PONDA","3232290","APPLE iPhone 11 - 128GB White","MHDJ3HN/A","0","0","3"
"PONDA","3232290","APPLE iPhone 11 - 128GB Purple","MHDM3HN/A","0","0","1"
"PONDA","3232290","APPLE iPhone XR - 128GB Black","MH7L3HN/A","0","0","1"
"PONDA","3232290","APPLE iPhone 11 - 64GB Black","MHDA3HN/A","0","0","1"
"PONDA","3232290","APPLE iPhone 11 - 128GB Green","MHDN3HN/A","0","0","1"
"PONDA","3232290","APPLE AirPods with Charging Case (MV7N2HN/A) White ","MV7N2HN/A","0","0","1"
"PANAJI","2850209","APPLE iPhone 11 - 128GB Black","MHDH3HN/A","0","0","2"
"PANAJI","2850209","APPLE iPhone 11 - 128GB White","MHDJ3HN/A","0","0","2"
"PANAJI","2850209","APPLE iPhone 11 - 128GB Purple","MHDM3HN/A","0","0","1"
"PANAJI","2850209","APPLE iPhone 11 - 64GB White","MHDC3HN/A","0","0","1"
"PANAJI","2850209","APPLE iPhone 12 Mini - 64GB Black","MGDX3HN/A","0","0","1"
"PANAJI","2850209","APPLE iPhone XR - 128GB White","MH7M3HN/A","0","0","1"
"PANAJI","2850209","APPLE iPhone 11 - 64GB Black","MHDA3HN/A","0","0","2"
"PANAJI","2850209","APPLE iPhone 11 - 128GB Green","MHDN3HN/A","0","0","2"
"PANAJI","2850209","APPLE iPhone 11 - 64GB Purple","MHDF3HN/A","0","0","1"
"PANAJI","2850209","APPLE iPhone 12 - 128GB Black","MGJA3HN/A","0","0","1"
"PANAJI","2850209","APPLE iPhone 12 - 128GB Blue","MGJE3HN/A","1","0","0"
"PANAJI","2850209","APPLE iPhone 12 - 64GB Blue","MGJ83HN/A","0","0","1"
"PANAJI","2850209","APPLE iPhone 12 Pro Max - 128GB Graphite","MGD73HN/A","0","0","1"
"PANAJI","2850209","APPLE iPhone 12 Pro - 256GB Pacific Blue","MGMT3HN/A","0","0","1"
"PANAJI","2850209","APPLE iPhone 12 - 128GB Green","MGJF3HN/A","0","0","1"
"PANAJI","2850209","APPLE iPhone 12 - 128GB White","MGJC3HN/A","0","0","1"
"PANAJI","2850209","APPLE Watch Series 6 GPS 40mm Silver Aluminium Case with White Sport Band - MG283HN/A","MG283HN/A","0","0","1"
"PANAJI","2850209","APPLE Watch Series 6 GPS + Cellular 44mm Space Grey Aluminium Case with Black Sport Band - MG2E3HN/A","MG2E3HN/A","0","0","1"
"PANAJI","2850209","APPLE AirPods with Charging Case (MV7N2HN/A) White ","MV7N2HN/A","0","0","1"
"PANAJI","2850209","APPLE AirPods pro with Wireless Charging Case (MWP22HN/A) White","MWP22HN/A","0","0","1"
"PANAJI","2850209","APPLE iPad Wi-Fi (3YLC2HN/A) 32GB Gold ","3YLC2HN/A","0","0","1"
"PANAJI","2850209","APPLE Watch Series 5 GPS + Cellular 44mm Space Grey Aluminium Case with Black Sport Band - MWWE2HN/A","MWWE2HN/A","0","0","1"
"PANAJI","2850209","APPLE Watch SE GPS 40mm Space Gray Aluminium Case with Black Sport Band - MYDP2HN/A","MYDP2HN/A ","0","0","1"
"PANAJI","2850209","APPLE Watch Series 6 44mm Blue Aluminum GPS - 3H263HN/A","3H263HN/A","0","0","1"
"PANAJI","2850209","APPLE iPhone 12 -  128GB  Purple","MJNP3HN/A","0","0","1"
"PANAJI","2850209","APPLE Watch 44mm  Band Deep Navy Sport Band - MYAX2ZM/A","MYAX2ZM/A","0","0","1"
"NASHIK 1","3422694","APPLE iPhone 11 - 128GB Black","MHDH3HN/A","1","0","1"
"NASHIK 1","3422694","APPLE iPhone 11 - 128GB White","MHDJ3HN/A","0","0","3"
"NASHIK 1","3422694","APPLE iPhone 11 - 128GB Purple","MHDM3HN/A","1","0","1"
"NASHIK 1","3422694","APPLE iPhone SE (2020) - 64GB Black","MHGP3HN/A","0","0","1"
"NASHIK 1","3422694","APPLE iPhone 11 - 64GB Black","MHDA3HN/A","0","0","2"
"NASHIK 1","3422694","APPLE iPhone 11 - 128GB Green","MHDN3HN/A","0","0","4"
"NASHIK 1","3422694","APPLE iPhone 12 - 128GB Black","MGJA3HN/A","1","0","1"
"NASHIK 1","3422694","APPLE iPhone 12 Mini - 128GB Blue","MGE63HN/A","0","0","1"
"NASHIK 1","3422694","APPLE iPhone 12 Pro Max - 256GB Gold","MGDE3HN/A","0","0","1"
"NASHIK 1","3422694","APPLE iPhone 12 Pro - 256GB Pacific Blue","MGMT3HN/A","0","0","1"
"NASHIK 1","3422694","APPLE iPhone 12 - 128GB White","MGJC3HN/A","1","0","1"
"NASHIK 1","3422694","APPLE AirPods with Charging Case (MV7N2HN/A) White ","MV7N2HN/A","0","0","3"
"NASHIK 1","3422694","APPLE AirPods pro with Wireless Charging Case (MWP22HN/A) White","MWP22HN/A","0","0","1"
"NASHIK 1","3422694","APPLE iPhone 12 -  128GB  Purple","MJNP3HN/A","1","0","0"
"NASHIK 1","3422694","APPLE iPad Pro (3rd Generation) 11 inch Wi-Fi + Cellular -  128GB  Space Gray - MHW53HN/A","MHW53HN/A","0","0","1"
"NASHIK 2","3422694","APPLE iPhone 11 - 128GB Black","MHDH3HN/A","0","0","1"
"NASHIK 2","3422694","APPLE iPhone 11 - 128GB White","MHDJ3HN/A","1","0","5"
"NASHIK 2","3422694","APPLE iPhone 11 - 128GB Purple","MHDM3HN/A","0","0","1"
"NASHIK 2","3422694","APPLE iPhone 12 - 64GB Black","MGJ53HN/A","0","0","1"
"NASHIK 2","3422694","APPLE iPhone 11 - 64GB Black","MHDA3HN/A","0","0","1"
"NASHIK 2","3422694","APPLE iPhone 11 - 128GB Green","MHDN3HN/A","1","0","1"
"NASHIK 2","3422694","APPLE iPhone 12 - 128GB Black","MGJA3HN/A","0","0","1"
"NASHIK 2","3422694","APPLE iPhone 12 - 128GB White","MGJC3HN/A","0","0","1"
"NASHIK 3","3422694","APPLE iPhone 11 - 128GB Black","MHDH3HN/A","0","0","1"
"NASHIK 3","3422694","APPLE iPhone 11 - 128GB White","MHDJ3HN/A","1","0","1"
"NASHIK 3","3422694","APPLE iPhone 11 - 128GB Purple","MHDM3HN/A","0","0","1"
"NASHIK 3","3422694","APPLE iPhone 11 - 64GB White","MHDC3HN/A","1","0","0"
"NASHIK 3","3422694","APPLE iPhone XR - 128GB Black","MH7L3HN/A","0","0","1"
"NASHIK 3","3422694","APPLE iPhone 11 - 64GB Black","MHDA3HN/A","0","0","1"
"NASHIK 3","3422694","APPLE iPhone 11 - 128GB Green","MHDN3HN/A","0","0","1"
"NASHIK 3","3422694","APPLE iPhone 11 - 64GB Purple","MHDF3HN/A","0","0","1"
"NASHIK 3","3422694","APPLE iPhone 12 - 128GB Blue","MGJE3HN/A","0","0","1"
"PALUS","3087918","APPLE iPhone 11 - 128GB Black","MHDH3HN/A","0","0","1"
"PALUS","3087918","APPLE iPhone 11 - 128GB White","MHDJ3HN/A","0","0","2"
"PALUS","3087918","APPLE iPhone 11 - 64GB White","MHDC3HN/A","0","0","1"
"PALUS","3087918","APPLE iPhone 11 - 64GB Black","MHDA3HN/A","0","0","1"
"PALUS","3087918","APPLE iPhone 11 - 128GB Green","MHDN3HN/A","1","0","1"
"PALUS","3087918","APPLE iPhone 12 - 128GB Black","MGJA3HN/A","0","0","1"
"PALUS","3087918","APPLE iPhone 12 - 128GB White","MGJC3HN/A","0","0","1"
"PALUS","3087918","APPLE AirPods with Charging Case (MV7N2HN/A) White ","MV7N2HN/A","0","0","1"
"RAHURI","3312681","APPLE iPhone 11 - 128GB White","MHDJ3HN/A","0","0","1"
"RAHURI","3312681","APPLE iPhone 11 - 128GB Purple","MHDM3HN/A","0","0","1"
"RAHURI","3312681","APPLE iPhone 11 - 64GB White","MHDC3HN/A","0","0","1"
"RAHURI","3312681","APPLE iPhone 12 - 128GB Black","MGJA3HN/A","0","0","1"
"RAHURI","3312681","APPLE AirPods with Charging Case (MV7N2HN/A) White ","MV7N2HN/A","0","0","1"
"SWARGATE 1","2850207","APPLE iPhone 11 - 128GB White","MHDJ3HN/A","1","0","0"
"SWARGATE 1","2850207","APPLE iPhone 11 - 64GB White","MHDC3HN/A","0","0","1"
"SWARGATE 1","2850207","APPLE iPhone 12 - 128GB Blue","MGJE3HN/A","0","0","1"
"SHRIRAMPUR","3087916","APPLE iPhone 11 - 128GB Black","MHDH3HN/A","0","0","1"
"SHRIRAMPUR","3087916","APPLE iPhone 11 - 128GB White","MHDJ3HN/A","2","0","1"
"SHRIRAMPUR","3087916","APPLE iPhone 11 - 64GB White","MHDC3HN/A","0","0","1"
"SHRIRAMPUR","3087916","APPLE iPhone 12 Pro Max - 128GB Pacific Blue","MGDA3HN/A","1","0","0"
"SHRIRAMPUR","3087916","APPLE iPhone 12 - 128GB White","MGJC3HN/A","1","0","0"
"SHRIRAMPUR","3087916","APPLE AirPods with Charging Case (MV7N2HN/A) White ","MV7N2HN/A","0","0","1"
"SHRIRAMPUR","3087916","APPLE AirPods pro with Wireless Charging Case (MWP22HN/A) White","MWP22HN/A","0","0","1"
"THAKUR VILLAGE- kandivali E","3152230","APPLE iPhone 11 - 128GB Black","MHDH3HN/A","1","0","0"
"THAKUR VILLAGE- kandivali E","3152230","APPLE iPhone 11 - 128GB White","MHDJ3HN/A","0","0","2"
"THAKUR VILLAGE- kandivali E","3152230","APPLE iPhone 11 - 128GB Purple","MHDM3HN/A","0","0","1"
"THAKUR VILLAGE- kandivali E","3152230","APPLE iPhone 11 - 64GB White","MHDC3HN/A","0","0","2"
"THAKUR VILLAGE- kandivali E","3152230","APPLE iPhone 12 Mini - 64GB Black","MGDX3HN/A","0","0","1"
"THAKUR VILLAGE- kandivali E","3152230","APPLE iPhone 12 Mini - 128GB White","MGE43HN/A","0","0","1"
"THAKUR VILLAGE- kandivali E","3152230","APPLE iPhone XR - 64GB White","MH6N3HN/A","0","0","1"
"THAKUR VILLAGE- kandivali E","3152230","APPLE iPhone 11 - 64GB Black","MHDA3HN/A","0","0","1"
"THAKUR VILLAGE- kandivali E","3152230","APPLE iPhone 11 - 128GB Green","MHDN3HN/A","0","0","1"
"THAKUR VILLAGE- kandivali E","3152230","APPLE iPhone 12 - 128GB Black","MGJA3HN/A","0","0","1"
"THAKUR VILLAGE- kandivali E","3152230","APPLE iPhone 12 Mini - 128GB Blue","MGE63HN/A","0","0","1"
"THAKUR VILLAGE- kandivali E","3152230","APPLE iPhone 12 Pro Max - 256GB Gold","MGDE3HN/A","0","0","1"
"THAKUR VILLAGE- kandivali E","3152230","APPLE iPhone 12 Pro - 256GB Pacific Blue","MGMT3HN/A","0","0","1"
"THAKUR VILLAGE- kandivali E","3152230","APPLE iPhone 12 - 128GB White","MGJC3HN/A","0","0","1"
"THAKUR VILLAGE- kandivali E","3152230","APPLE Watch Series 6 GPS + Cellular 44mm Space Grey Aluminium Case with Black Sport Band - MG2E3HN/A","MG2E3HN/A","0","0","1"
"THAKUR VILLAGE- kandivali E","3152230","APPLE Watch SE GPS 44mm Space Gray Aluminium Case with Black Sport Band - MYDT2HN/A","MYDT2HN/A","0","0","1"
"THAKUR VILLAGE- kandivali E","3152230","APPLE AirPods with Charging Case (MV7N2HN/A) White ","MV7N2HN/A","0","0","2"
"THAKUR VILLAGE- kandivali E","3152230","APPLE AirPods pro with Wireless Charging Case (MWP22HN/A) White","MWP22HN/A","0","0","1"
"THAKUR VILLAGE- kandivali E","3152230","APPLE iPhone 12 -  128GB  Purple","MJNP3HN/A","0","0","1"
"THAKUR VILLAGE- kandivali E","3152230","APPLE iPad Pro (3rd Generation) 11 inch Wi-Fi + Cellular -  128GB  Space Gray - MHW53HN/A","MHW53HN/A","0","0","1"
"RAM MANDIR WEST","3152233","APPLE iPhone 11 - 128GB White","MHDJ3HN/A","0","0","1"
"RAM MANDIR WEST","3152233","APPLE iPhone 11 - 64GB White","MHDC3HN/A","0","0","1"
"RAM MANDIR WEST","3152233","APPLE iPhone 11 - 128GB Green","MHDN3HN/A","0","0","1"
"RAM MANDIR WEST","3152233","APPLE iPhone 12 - 128GB Green","MGJF3HN/A","0","0","1"
"RAM MANDIR WEST","3152233","APPLE iPhone 12 - 128GB White","MGJC3HN/A","0","0","1"
"RAM MANDIR WEST","3152233","APPLE iPhone 12 Pro - 128GB Pacific Blue","MGMN3HN/A","0","0","1"
"BHAYANDER WEST","3152229","APPLE iPhone 11 - 128GB Black","MHDH3HN/A","0","0","1"
"BHAYANDER WEST","3152229","APPLE iPhone 11 - 128GB White","MHDJ3HN/A","0","0","1"
"BHAYANDER WEST","3152229","APPLE iPhone 11 - 128GB Purple","MHDM3HN/A","0","0","1"
"BHAYANDER WEST","3152229","APPLE iPhone 11 - 64GB White","MHDC3HN/A","0","0","1"
"BHAYANDER WEST","3152229","APPLE iPhone 11 - 64GB Black","MHDA3HN/A","0","0","1"
"BHAYANDER WEST","3152229","APPLE iPhone 11 - 128GB Green","MHDN3HN/A","0","0","1"
"BHAYANDER WEST","3152229","APPLE iPhone 12 - 128GB Black","MGJA3HN/A","1","0","0"
"BHAYANDER WEST","3152229","APPLE iPhone 12 - 64GB White","MGJ63HN/A","1","0","0"
"BHAYANDER WEST","3152229","APPLE iPhone 12 Pro - 128GB Gold","MGMM3HN/A","0","0","1"
"BHAYANDER WEST","3152229","APPLE iPhone 12 - 128GB White","MGJC3HN/A","1","0","1"
"BHAYANDER WEST","3152229","APPLE 10.2-inch iPad Wi-Fi - 128GB Gold - MYLF2HN/A","MYLF2HN/A","0","0","1"
"BHAYANDER WEST","3152229","APPLE AirPods with Charging Case (MV7N2HN/A) White ","MV7N2HN/A","0","0","1"
"BHAYANDER WEST","3152229","APPLE iPad Pro (3rd Generation) 11 inch Wi-Fi -  128GB  Space Gray - MHQR3HN/A","MHQR3HN/A","0","0","1"
"CHARKOP - kandivali W","3152231","APPLE iPhone 11 - 128GB Black","MHDH3HN/A","0","0","1"
"CHARKOP - kandivali W","3152231","APPLE iPhone 11 - 128GB White","MHDJ3HN/A","0","0","1"
"CHARKOP - kandivali W","3152231","APPLE iPhone 11 - 128GB Purple","MHDM3HN/A","0","0","1"
"CHARKOP - kandivali W","3152231","APPLE iPhone 11 - 64GB White","MHDC3HN/A","0","0","2"
"CHARKOP - kandivali W","3152231","APPLE iPhone 11 - 64GB Black","MHDA3HN/A","0","0","1"
"CHARKOP - kandivali W","3152231","APPLE iPhone 11 - 128GB Green","MHDN3HN/A","0","0","1"
"CHARKOP - kandivali W","3152231","APPLE iPhone 12 - 128GB Black","MGJA3HN/A","0","0","1"
"CHARKOP - kandivali W","3152231","APPLE AirPods with Charging Case (MV7N2HN/A) White ","MV7N2HN/A","0","0","1"
"JOGESHWARI 2","3152235","APPLE iPhone 11 - 128GB Black","MHDH3HN/A","0","0","1"
"JOGESHWARI 2","3152235","APPLE iPhone 11 - 128GB White","MHDJ3HN/A","0","0","1"
"JOGESHWARI 2","3152235","APPLE iPhone 11 - 64GB White","MHDC3HN/A","0","0","1"
"JOGESHWARI 2","3152235","APPLE iPhone 12 - 128GB Black","MGJA3HN/A","0","0","1"
"JOGESHWARI 2","3152235","APPLE iPhone 12 - 64GB White","MGJ63HN/A","0","0","1"
"JOGESHWARI 2","3152235","APPLE iPhone 12 - 128GB White","MGJC3HN/A","0","0","1"
"VASAI WEST","3152239","APPLE iPhone 11 - 128GB White","MHDJ3HN/A","1","0","1"
"VASAI WEST","3152239","APPLE iPhone 11 - 64GB White","MHDC3HN/A","0","0","1"
"VASAI WEST","3152239","APPLE iPhone XR - 128GB White","MH7M3HN/A","1","0","0"
"VASAI WEST","3152239","APPLE iPhone 12 - 128GB Black","MGJA3HN/A","1","0","0"
"VASAI WEST","3152239","APPLE iPhone 12 - 128GB White","MGJC3HN/A","0","0","1"
"VIRAR WEST","3152236","APPLE iPhone 11 - 128GB Black","MHDH3HN/A","0","0","1"
"VIRAR WEST","3152236","APPLE iPhone 11 - 128GB White","MHDJ3HN/A","0","0","1"
"VIRAR WEST","3152236","APPLE iPhone 11 - 64GB White","MHDC3HN/A","0","0","1"
"VIRAR WEST","3152236","APPLE iPhone 11 - 64GB Black","MHDA3HN/A","0","0","1"
"ISLAMPUR 3","3386120","APPLE iPhone 11 - 128GB Black","MHDH3HN/A","1","0","0"
"ISLAMPUR 3","3386120","APPLE iPhone 11 - 128GB White","MHDJ3HN/A","0","0","3"
"ISLAMPUR 3","3386120","APPLE iPhone 11 - 128GB Purple","MHDM3HN/A","0","0","1"
"ISLAMPUR 3","3386120","APPLE iPhone 11 - 64GB White","MHDC3HN/A","0","0","1"
"ISLAMPUR 3","3386120","APPLE iPhone 11 - 64GB Black","MHDA3HN/A","0","0","1"
"ISLAMPUR 3","3386120","APPLE iPhone 11 - 128GB Green","MHDN3HN/A","0","0","1"
"SANGAMNER 2","3386123","APPLE iPhone 11 - 128GB Black","MHDH3HN/A","0","0","1"
"SANGAMNER 2","3386123","APPLE iPhone 11 - 128GB White","MHDJ3HN/A","0","0","4"
"SANGAMNER 2","3386123","APPLE iPhone 11 - 64GB White","MHDC3HN/A","1","0","1"
"SANGAMNER 2","3386123","APPLE iPhone 11 - 128GB Green","MHDN3HN/A","1","0","1"
"WAKAD","3386122","APPLE iPhone 11 - 128GB Black","MHDH3HN/A","0","0","1"
"WAKAD","3386122","APPLE iPhone 11 - 128GB White","MHDJ3HN/A","0","0","2"
"WAKAD","3386122","APPLE iPhone 11 - 128GB Purple","MHDM3HN/A","0","0","1"
"WAKAD","3386122","APPLE iPhone 12 Mini - 128GB White","MGE43HN/A","0","0","1"
"WAKAD","3386122","APPLE iPhone 11 - 64GB Black","MHDA3HN/A","0","0","1"
"WAKAD","3386122","APPLE iPhone 11 - 128GB Green","MHDN3HN/A","0","0","1"
"WAKAD","3386122","APPLE iPhone 11 - 64GB Purple","MHDF3HN/A","1","0","0"
"WAKAD","3386122","APPLE iPhone 12 - 128GB Black","MGJA3HN/A","0","0","1"
"WAKAD","3386122","APPLE AirPods with Charging Case (MV7N2HN/A) White ","MV7N2HN/A","0","0","2"
"MANGALWEDHA","3386121","APPLE iPhone 11 - 128GB Black","MHDH3HN/A","0","0","1"
"MANGALWEDHA","3386121","APPLE iPhone 11 - 128GB White","MHDJ3HN/A","0","0","1"
"MANGALWEDHA","3386121","APPLE iPhone 11 - 64GB Black","MHDA3HN/A","0","0","1"
"SINNAR","3422694","APPLE iPhone 11 - 128GB White","MHDJ3HN/A","0","0","2"
"SINNAR","3422694","APPLE iPhone 11 - 64GB White","MHDC3HN/A","0","0","1"
"SINNAR","3422694","APPLE iPhone 12 - 128GB Blue","MGJE3HN/A","0","0","1"
"SHIVAJI ROAD","3422695","APPLE iPhone 11 - 128GB White","MHDJ3HN/A","1","0","1"
"SHIVAJI ROAD","3422695","APPLE iPhone 11 - 128GB Purple","MHDM3HN/A","0","0","1"
"SHIVAJI ROAD","3422695","APPLE iPhone 11 - 64GB White","MHDC3HN/A","1","0","0"
"SHIVAJI ROAD","3422695","APPLE iPhone 11 - 64GB Black","MHDA3HN/A","0","0","1"
"SHIVAJI ROAD","3422695","APPLE iPhone 12 - 128GB Black","MGJA3HN/A","0","0","1"
"KOPARGAON","3422693","APPLE iPhone 11 - 128GB White","MHDJ3HN/A","2","0","0"
"KOPARGAON","3422693","APPLE iPhone 12 - 128GB White","MGJC3HN/A","0","0","1"
"ISLAMPUR 4","9","APPLE iPhone 11 - 128GB Black","MHDH3HN/A","0","0","1"
"ISLAMPUR 4","9","APPLE iPhone 11 - 128GB White","MHDJ3HN/A","2","0","0"
"KARAD 4","9","APPLE iPhone 11 - 128GB White","MHDJ3HN/A","1","0","3"
"KARAD 4","9","APPLE iPhone 11 - 128GB Purple","MHDM3HN/A","0","0","1"
"KARAD 4","9","APPLE iPhone 11 - 64GB White","MHDC3HN/A","0","0","1"
"KARAD 4","9","APPLE iPhone 11 - 64GB Black","MHDA3HN/A","0","0","1"
"KARAD 4","9","APPLE iPhone 11 - 128GB Green","MHDN3HN/A","1","0","0"
"KARAD 4","9","APPLE iPhone 12 - 128GB Black","MGJA3HN/A","0","0","1"
"KARAD 4","9","APPLE iPhone 12 Pro Max - 128GB Graphite","MGD73HN/A","0","0","1"
"KARAD 4","9","APPLE iPhone 12 Pro - 128GB Graphite","MGMK3HN/A","0","0","1"
"BAGAL CHOWK","3422696","APPLE iPhone 11 - 128GB White","MHDJ3HN/A","0","0","1"
"SHEVGAON","9","APPLE iPhone 11 - 128GB Black","MHDH3HN/A","1","0","0"
"SHEVGAON","9","APPLE iPhone 11 - 128GB White","MHDJ3HN/A","1","0","0"
"NASHIK 4","9","APPLE iPhone 11 - 128GB White","MHDJ3HN/A","0","0","1"
"NASHIK 4","9","APPLE iPhone 11 - 128GB Green","MHDN3HN/A","0","0","1"
"RAHURI FACTORY","9","APPLE iPhone 11 - 128GB White","MHDJ3HN/A","0","0","2"
"RAHURI FACTORY","9","APPLE iPhone 11 - 64GB Black","MHDA3HN/A","0","0","1"
"RAHURI FACTORY","9","APPLE iPhone 11 - 128GB Green","MHDN3HN/A","0","0","1"
"RAHURI FACTORY","9","APPLE iPhone 12 - 128GB White","MGJC3HN/A","0","0","1"